frame_number,timestamp_sec,src_ip,src_entity,dst_ip,dst_entity,port,protocol,message_type,description,phase,step_ref,spec_reference
211,5.270967000,127.0.0.2,S-NG-RAN,127.0.1.5,H-AMF,38412,NGAP (SCTP),NGSetupRequest,gNB registers with AMF,Pre-Handover - Setup,Pre-handover (gNB/AMF)),TS 38.413 s9.3.3.1
217,5.283215000,127.0.1.5,H-AMF,127.0.0.2,S-NG-RAN,37838,NGAP (SCTP),NGSetupResponse,AMF confirms gNB registration,Pre-Handover - Setup,Pre-handover (gNB/AMF),TS 38.413 s9.3.3.1
219,5.283481000,127.0.0.3,T-NG-RAN,127.0.2.5,V-AMF,38412,NGAP (SCTP),NGSetupRequest,gNB registers with AMF,Pre-Handover - Setup,Pre-handover (gNB/AMF)),TS 38.413 s9.3.3.1
221,5.283853000,127.0.2.5,V-AMF,127.0.0.3,T-NG-RAN,43743,NGAP (SCTP),NGSetupResponse,AMF confirms gNB registration,Pre-Handover - Setup,Pre-handover (gNB/AMF),TS 38.413 s9.3.3.1
223,5.284199000,127.0.0.2,S-NG-RAN,127.0.1.5,H-AMF,38412,NGAP (SCTP),InitialUEMessage,UE Registration Request from S-NG-RAN,Pre-Handover - Registration,Step 1a (UE -> S-NG-RAN -> H-AMF),TS 38.413 s9.3.5.1 / TS 23.502 s4.2.2.2
224,5.284548000,127.0.1.5,H-AMF,127.0.0.2,S-NG-RAN,37838,NGAP (SCTP),DownlinkNASTransport,NAS downlink message (Identity/Auth/Security),Pre-Handover - Registration,Step 1 DL NAS,TS 38.413 s9.3.5.2
225,5.284693000,127.0.0.2,S-NG-RAN,127.0.1.5,H-AMF,38412,NGAP (SCTP),UplinkNASTransport,NAS uplink message (Identity/Auth/Security response),Pre-Handover - Registration,Step 1 UL NAS,TS 38.413 s9.3.5.3
226,5.285089000,127.0.0.1,H-AMF,127.0.1.200,SCP1,7777,SBI (HTTP/2),Nausf_UEAuthentication Create,UE authentication initiation,Pre-Handover - Registration,Auth SBI,TS 29.509 s5.2.2 / TS 23.502 s4.2.2.2
227,5.285379000,127.0.0.1,SCP1,127.0.1.11,AUSF,80,SBI (HTTP/2),Nausf_UEAuthentication Create,UE authentication initiation,Pre-Handover - Registration,Auth SBI,TS 29.509 s5.2.2 / TS 23.502 s4.2.2.2
228,5.285771000,127.0.0.1,AUSF,127.0.1.200,SCP1,7777,SBI (HTTP/2),Nudm_UEAuthentication Get,UDM provides authentication vector,Pre-Handover - Registration,Auth SBI,TS 29.503 s5.2.2 / TS 23.502 s4.2.2.2
229,5.286008000,127.0.0.1,SCP1,127.0.1.12,UDM,80,SBI (HTTP/2),Nudm_UEAuthentication Get,UDM provides authentication vector,Pre-Handover - Registration,Auth SBI,TS 29.503 s5.2.2 / TS 23.502 s4.2.2.2
230,5.286309000,127.0.0.1,UDM,127.0.1.200,SCP1,7777,SBI (HTTP/2),Nudr_DM Authentication Data,UDR subscription authentication data access,Pre-Handover - Registration,Registration SBI,TS 29.504 s5.2.2
236,5.287142000,127.0.0.1,SCP1,127.0.1.20,UDR,80,SBI (HTTP/2),Nudr_DM Authentication Data,UDR subscription authentication data access,Pre-Handover - Registration,Registration SBI,TS 29.504 s5.2.2
247,5.288146000,127.0.1.20,UDR,127.0.0.1,SCP1,39022,SBI (HTTP/2),Nudr_DM Authentication Data Response,Response to Nudr_DM Authentication Data [HTTP 200],Pre-Handover - Registration,Registration SBI,TS 29.504 s5.2.2
250,5.288340000,127.0.1.200,SCP1,127.0.0.1,UDM,43624,SBI (HTTP/2),Nudr_DM Authentication Data Response,Response to Nudr_DM Authentication Data [HTTP 200],Pre-Handover - Registration,Registration SBI,TS 29.504 s5.2.2
253,5.288563000,127.0.1.12,UDM,127.0.0.1,SCP1,45472,SBI (HTTP/2),Nudm_UEAuthentication Get Response,Response to Nudm_UEAuthentication Get [HTTP 200],Pre-Handover - Registration,Auth SBI,TS 29.503 s5.2.2 / TS 23.502 s4.2.2.2
256,5.288659000,127.0.1.200,SCP1,127.0.0.1,AUSF,43622,SBI (HTTP/2),Nudm_UEAuthentication Get Response,Response to Nudm_UEAuthentication Get [HTTP 200],Pre-Handover - Registration,Auth SBI,TS 29.503 s5.2.2 / TS 23.502 s4.2.2.2
259,5.288857000,127.0.1.11,AUSF,127.0.0.1,SCP1,46588,SBI (HTTP/2),Nausf_UEAuthentication Create Response,Response to Nausf_UEAuthentication Create [HTTP 201],Pre-Handover - Registration,Auth SBI,TS 29.509 s5.2.2 / TS 23.502 s4.2.2.2
265,5.289269000,127.0.1.5,H-AMF,127.0.0.2,S-NG-RAN,37838,NGAP (SCTP),DownlinkNASTransport,NAS downlink message (Identity/Auth/Security),Pre-Handover - Registration,Step 1 DL NAS,TS 38.413 s9.3.5.2
266,5.289407000,127.0.0.2,S-NG-RAN,127.0.1.5,H-AMF,38412,NGAP (SCTP),UplinkNASTransport,NAS uplink message (Identity/Auth/Security response),Pre-Handover - Registration,Step 1 UL NAS,TS 38.413 s9.3.5.3
267,5.289597000,127.0.0.1,H-AMF,127.0.1.200,SCP1,7777,SBI (HTTP/2),SBI (Other),Other SBI message,Pre-Handover,,TS 29.500
268,5.289717000,127.0.0.1,SCP1,127.0.1.11,AUSF,80,SBI (HTTP/2),SBI (Other),Other SBI message,Pre-Handover,,TS 29.500
269,5.289859000,127.0.0.1,AUSF,127.0.1.200,SCP1,7777,SBI (HTTP/2),Nudm_UEAuthentication Get,UDM provides authentication vector,Pre-Handover - Registration,Auth SBI,TS 29.503 s5.2.2 / TS 23.502 s4.2.2.2
270,5.289954000,127.0.0.1,SCP1,127.0.1.12,UDM,80,SBI (HTTP/2),Nudm_UEAuthentication Get,UDM provides authentication vector,Pre-Handover - Registration,Auth SBI,TS 29.503 s5.2.2 / TS 23.502 s4.2.2.2
273,5.290084000,127.0.0.1,UDM,127.0.1.200,SCP1,7777,SBI (HTTP/2),Nudr_DM Authentication Data,UDR subscription authentication data access,Pre-Handover - Registration,Registration SBI,TS 29.504 s5.2.2
274,5.290181000,127.0.0.1,SCP1,127.0.1.20,UDR,80,SBI (HTTP/2),Nudr_DM Authentication Data,UDR subscription authentication data access,Pre-Handover - Registration,Registration SBI,TS 29.504 s5.2.2
281,5.291442000,127.0.1.20,UDR,127.0.0.1,SCP1,39022,SBI (HTTP/2),Nudr_DM Authentication Data Response,Response to Nudr_DM Authentication Data [HTTP 204],Pre-Handover - Registration,Registration SBI,TS 29.504 s5.2.2
283,5.291770000,127.0.1.12,UDM,127.0.0.1,SCP1,45472,SBI (HTTP/2),Nudm_UEAuthentication Get Response,Response to Nudm_UEAuthentication Get [HTTP 201],Pre-Handover - Registration,Auth SBI,TS 29.503 s5.2.2 / TS 23.502 s4.2.2.2
289,5.292091000,127.0.1.11,AUSF,127.0.0.1,SCP1,46588,SBI (HTTP/2),SBI (Other) Response,Response to SBI (Other) [HTTP 200],Pre-Handover,,TS 29.500
295,5.292389000,127.0.1.5,H-AMF,127.0.0.2,S-NG-RAN,37838,NGAP (SCTP),DownlinkNASTransport,NAS downlink message (Identity/Auth/Security),Pre-Handover - Registration,Step 1 DL NAS,TS 38.413 s9.3.5.2
296,5.292502000,127.0.0.2,S-NG-RAN,127.0.1.5,H-AMF,38412,NGAP (SCTP),UplinkNASTransport,NAS uplink message (Identity/Auth/Security response),Pre-Handover - Registration,Step 1 UL NAS,TS 38.413 s9.3.5.3
297,5.292721000,127.0.0.1,H-AMF,127.0.1.200,SCP1,7777,SBI (HTTP/2),Nudm_UECM Registration,AMF registers UE context at UDM,Pre-Handover - Registration,Registration SBI,TS 29.503 s5.2.3
298,5.292901000,127.0.0.1,SCP1,127.0.1.12,UDM,80,SBI (HTTP/2),Nudm_UECM Registration,AMF registers UE context at UDM,Pre-Handover - Registration,Registration SBI,TS 29.503 s5.2.3
299,5.293230000,127.0.0.1,UDM,127.0.1.200,SCP1,7777,SBI (HTTP/2),Nudr_DM AMF Context,UDR stores AMF 3GPP access context,Pre-Handover - Registration,Registration SBI,TS 29.504 s5.2.2
300,5.293391000,127.0.0.1,SCP1,127.0.1.20,UDR,80,SBI (HTTP/2),Nudr_DM AMF Context,UDR stores AMF 3GPP access context,Pre-Handover - Registration,Registration SBI,TS 29.504 s5.2.2
303,5.293947000,127.0.1.20,UDR,127.0.0.1,SCP1,39022,SBI (HTTP/2),Nudr_DM AMF Context Response,Response to Nudr_DM AMF Context [HTTP 204],Pre-Handover - Registration,Registration SBI,TS 29.504 s5.2.2
304,5.294082000,127.0.1.200,SCP1,127.0.0.1,H-AMF,43624,SBI (HTTP/2),Nausf_UEAuthentication Create Response,Response to Nausf_UEAuthentication Create [HTTP 204],Pre-Handover - Registration,Auth SBI,TS 29.509 s5.2.2 / TS 23.502 s4.2.2.2
305,5.294270000,127.0.1.12,UDM,127.0.0.1,SCP1,45472,SBI (HTTP/2),Nudm_UECM Registration Response,Response to Nudm_UECM Registration [HTTP 201],Pre-Handover - Registration,Registration SBI,TS 29.503 s5.2.3
311,5.294629000,127.0.0.1,H-AMF,127.0.1.200,SCP1,7777,SBI (HTTP/2),Nudm_SDM Get,AMF/SMF retrieves subscription data from UDM,Pre-Handover - Registration,Registration SBI,TS 29.503 s5.2.4
312,5.294815000,127.0.0.1,SCP1,127.0.1.12,UDM,80,SBI (HTTP/2),Nudm_SDM Get,AMF/SMF retrieves subscription data from UDM,Pre-Handover - Registration,Registration SBI,TS 29.503 s5.2.4
313,5.294997000,127.0.0.1,UDM,127.0.1.200,SCP1,7777,SBI (HTTP/2),Nudr_DM Provisioned Data,UDR provides provisioned subscription data,Pre-Handover - Registration,Registration SBI,TS 29.504 s5.2.2
314,5.295156000,127.0.0.1,SCP1,127.0.1.20,UDR,80,SBI (HTTP/2),Nudr_DM Provisioned Data,UDR provides provisioned subscription data,Pre-Handover - Registration,Registration SBI,TS 29.504 s5.2.2
317,5.295588000,127.0.1.20,UDR,127.0.0.1,SCP1,39022,SBI (HTTP/2),Nudr_DM Provisioned Data Response,Response to Nudr_DM Provisioned Data [HTTP 200],Pre-Handover - Registration,Registration SBI,TS 29.504 s5.2.2
320,5.295752000,127.0.1.200,SCP1,127.0.0.1,UDM,43624,SBI (HTTP/2),Nudr_DM Provisioned Data Response,Response to Nudr_DM Provisioned Data [HTTP 200],Pre-Handover - Registration,Registration SBI,TS 29.504 s5.2.2
325,5.296046000,127.0.1.12,UDM,127.0.0.1,SCP1,45472,SBI (HTTP/2),Nudm_SDM Get Response,Response to Nudm_SDM Get [HTTP 200],Pre-Handover - Registration,Registration SBI,TS 29.503 s5.2.4
328,5.296170000,127.0.1.200,SCP1,127.0.0.1,H-AMF,43614,SBI (HTTP/2),Nudm_SDM Get Response,Response to Nudm_SDM Get [HTTP 200],Pre-Handover - Registration,Registration SBI,TS 29.503 s5.2.4
331,5.296370000,127.0.0.1,H-AMF,127.0.1.200,SCP1,7777,SBI (HTTP/2),Nudm_SDM Get,AMF/SMF retrieves subscription data from UDM,Pre-Handover - Registration,Registration SBI,TS 29.503 s5.2.4
332,5.296561000,127.0.0.1,SCP1,127.0.1.12,UDM,80,SBI (HTTP/2),Nudm_SDM Get,AMF/SMF retrieves subscription data from UDM,Pre-Handover - Registration,Registration SBI,TS 29.503 s5.2.4
333,5.296730000,127.0.0.1,UDM,127.0.1.200,SCP1,7777,SBI (HTTP/2),Nudr_DM Provisioned Data,UDR provides provisioned subscription data,Pre-Handover - Registration,Registration SBI,TS 29.504 s5.2.2
334,5.296885000,127.0.0.1,SCP1,127.0.1.20,UDR,80,SBI (HTTP/2),Nudr_DM Provisioned Data,UDR provides provisioned subscription data,Pre-Handover - Registration,Registration SBI,TS 29.504 s5.2.2
337,5.297274000,127.0.1.20,UDR,127.0.0.1,SCP1,39022,SBI (HTTP/2),Nudr_DM Provisioned Data Response,Response to Nudr_DM Provisioned Data [HTTP 200],Pre-Handover - Registration,Registration SBI,TS 29.504 s5.2.2
340,5.297422000,127.0.1.200,SCP1,127.0.0.1,UDM,43624,SBI (HTTP/2),Nudr_DM Provisioned Data Response,Response to Nudr_DM Provisioned Data [HTTP 200],Pre-Handover - Registration,Registration SBI,TS 29.504 s5.2.2
343,5.297690000,127.0.1.12,UDM,127.0.0.1,SCP1,45472,SBI (HTTP/2),Nudm_SDM Get Response,Response to Nudm_SDM Get [HTTP 200],Pre-Handover - Registration,Registration SBI,TS 29.503 s5.2.4
346,5.297814000,127.0.1.200,SCP1,127.0.0.1,H-AMF,43614,SBI (HTTP/2),Nudm_SDM Get Response,Response to Nudm_SDM Get [HTTP 200],Pre-Handover - Registration,Registration SBI,TS 29.503 s5.2.4
349,5.297988000,127.0.0.1,H-AMF,127.0.1.200,SCP1,7777,SBI (HTTP/2),Nudm_SDM_Get UE Context in SMF Data,AMF retrieves existing SMF PDU session list from UDM,Pre-Handover - Registration,Registration SBI,TS 29.503 s5.2.4
350,5.298160000,127.0.0.1,SCP1,127.0.1.12,UDM,80,SBI (HTTP/2),Nudm_SDM_Get UE Context in SMF Data,AMF retrieves existing SMF PDU session list from UDM,Pre-Handover - Registration,Registration SBI,TS 29.503 s5.2.4
351,5.298281000,127.0.1.12,UDM,127.0.0.1,SCP1,45472,SBI (HTTP/2),Nudm_SDM_Get UE Context in SMF Data Response,Response to Nudm_SDM_Get UE Context in SMF Data [HTTP 200],Pre-Handover - Registration,Registration SBI,TS 29.503 s5.2.4
354,5.298407000,127.0.1.200,SCP1,127.0.0.1,H-AMF,43614,SBI (HTTP/2),Nudm_SDM_Get UE Context in SMF Data Response,Response to Nudm_SDM_Get UE Context in SMF Data [HTTP 200],Pre-Handover - Registration,Registration SBI,TS 29.503 s5.2.4
357,5.298575000,127.0.0.1,H-AMF,127.0.1.200,SCP1,7777,SBI (HTTP/2),SBI (Other),Other SBI message,Pre-Handover,,TS 29.500
358,5.298738000,127.0.0.1,SCP1,127.0.1.12,UDM,80,SBI (HTTP/2),SBI (Other),Other SBI message,Pre-Handover,,TS 29.500
359,5.298899000,127.0.1.12,UDM,127.0.0.1,SCP1,45472,SBI (HTTP/2),SBI (Other) Response,Response to SBI (Other) [HTTP 201],Pre-Handover,,TS 29.500
365,5.299336000,127.0.0.1,H-AMF,127.0.1.200,SCP1,7777,SBI (HTTP/2),SBI (Other),Other SBI message,Pre-Handover,,TS 29.500
366,5.299509000,127.0.0.1,Loopback-Client,127.0.1.13,PCF,80,SBI (HTTP/2),SBI (Other),Other SBI message,Pre-Handover,,TS 29.500
367,5.299961000,127.0.0.1,PCF,127.0.1.200,SCP1,7777,SBI (HTTP/2),Nudr_DM Policy Data,UDR provides policy data for PCF,Pre-Handover - Registration,Registration SBI,TS 29.504 s5.2.2
368,5.300115000,127.0.0.1,SCP1,127.0.1.20,UDR,80,SBI (HTTP/2),Nudr_DM Policy Data,UDR provides policy data for PCF,Pre-Handover - Registration,Registration SBI,TS 29.504 s5.2.2
371,5.300481000,127.0.1.20,UDR,127.0.0.1,SCP1,39022,SBI (HTTP/2),Nudr_DM Policy Data Response,Response to Nudr_DM Policy Data [HTTP 200],Pre-Handover - Registration,Registration SBI,TS 29.504 s5.2.2
374,5.300650000,127.0.1.200,SCP1,127.0.0.1,PCF,43626,SBI (HTTP/2),Nudr_DM Policy Data Response,Response to Nudr_DM Policy Data [HTTP 200],Pre-Handover - Registration,Registration SBI,TS 29.504 s5.2.2
384,5.301541000,127.0.1.13,PCF,127.0.0.1,Loopback-Client,48964,SBI (HTTP/2),SBI (Other) Response,Response to SBI (Other) [HTTP 201],Pre-Handover,,TS 29.500
391,5.301979000,127.0.1.5,H-AMF,127.0.0.2,S-NG-RAN,37838,NGAP (SCTP),InitialContextSetupRequest,AMF establishes UE context at S-NG-RAN,Pre-Handover - Registration,Step 1 InitialContextSetup,TS 38.413 s9.3.1.1 / TS 23.502 s4.2.2.2
392,5.302100000,127.0.0.2,S-NG-RAN,127.0.1.5,H-AMF,38412,NGAP (SCTP),UERadioCapabilityInfoIndication,S-NG-RAN reports UE radio capability,Pre-Handover - Registration,Step 1 (optional),TS 38.413 s9.3.1.13
393,5.302132000,127.0.0.2,S-NG-RAN,127.0.1.5,H-AMF,38412,NGAP (SCTP),InitialContextSetupResponse,S-NG-RAN confirms UE context established,Pre-Handover - Registration,Step 1 InitialContextSetup,TS 38.413 s9.3.1.1
395,5.302173000,127.0.0.2,S-NG-RAN,127.0.1.5,H-AMF,38412,NGAP (SCTP),UplinkNASTransport,NAS uplink message (Identity/Auth/Security response),Pre-Handover - Registration,Step 1 UL NAS,TS 38.413 s9.3.5.3
396,5.302280000,127.0.1.5,H-AMF,127.0.0.2,S-NG-RAN,37838,NGAP (SCTP),DownlinkNASTransport,NAS downlink message (Identity/Auth/Security),Pre-Handover - Registration,Step 1 DL NAS,TS 38.413 s9.3.5.2
397,5.302384000,127.0.0.2,S-NG-RAN,127.0.1.5,H-AMF,38412,NGAP (SCTP),UplinkNASTransport,NAS uplink message (Identity/Auth/Security response),Pre-Handover - Registration,Step 1 UL NAS,TS 38.413 s9.3.5.3
398,5.302614000,127.0.0.1,H-AMF,127.0.1.200,SCP1,7777,SBI (HTTP/2),Nsmf_PDUSession_CreateSMContext (H-SMF),H-AMF creates PDU session at H-SMF (initial session),Pre-Handover - Session Setup,Step 1d-e (H-AMF -> H-SMF via SCP1),TS 29.502 s5.2.2 / TS 23.502 s4.3.2
399,5.302809000,127.0.0.1,SCP1,127.0.1.4,H-SMF,80,SBI (HTTP/2),Nsmf_PDUSession_CreateSMContext (H-SMF),H-AMF creates PDU session at H-SMF (initial session),Pre-Handover - Session Setup,Step 1d-e (H-AMF -> H-SMF via SCP1),TS 29.502 s5.2.2 / TS 23.502 s4.3.2
400,5.303314000,127.0.0.1,H-AMF,127.0.1.200,SCP1,7777,SBI (HTTP/2),Nudm_SDM Get,AMF/SMF retrieves subscription data from UDM,Pre-Handover - Registration,Registration SBI,TS 29.503 s5.2.4
401,5.303490000,127.0.0.1,SCP1,127.0.1.12,UDM,80,SBI (HTTP/2),Nudm_SDM Get,AMF/SMF retrieves subscription data from UDM,Pre-Handover - Registration,Registration SBI,TS 29.503 s5.2.4
402,5.303740000,127.0.0.1,UDM,127.0.1.200,SCP1,7777,SBI (HTTP/2),Nudr_DM Provisioned Data,UDR provides provisioned subscription data,Pre-Handover - Registration,Registration SBI,TS 29.504 s5.2.2
403,5.303897000,127.0.0.1,SCP1,127.0.1.20,UDR,80,SBI (HTTP/2),Nudr_DM Provisioned Data,UDR provides provisioned subscription data,Pre-Handover - Registration,Registration SBI,TS 29.504 s5.2.2
406,5.304347000,127.0.1.20,UDR,127.0.0.1,SCP1,39022,SBI (HTTP/2),Nudr_DM Provisioned Data Response,Response to Nudr_DM Provisioned Data [HTTP 200],Pre-Handover - Registration,Registration SBI,TS 29.504 s5.2.2
409,5.304547000,127.0.1.200,SCP1,127.0.0.1,UDM,43624,SBI (HTTP/2),Nudr_DM Provisioned Data Response,Response to Nudr_DM Provisioned Data [HTTP 200],Pre-Handover - Registration,Registration SBI,TS 29.504 s5.2.2
412,5.304959000,127.0.1.12,UDM,127.0.0.1,SCP1,45472,SBI (HTTP/2),Nudm_SDM Get Response,Response to Nudm_SDM Get [HTTP 200],Pre-Handover - Registration,Registration SBI,TS 29.503 s5.2.4
415,5.305092000,127.0.1.200,SCP1,127.0.0.1,H-AMF,43616,SBI (HTTP/2),Nudm_SDM Get Response,Response to Nudm_SDM Get [HTTP 200],Pre-Handover - Registration,Registration SBI,TS 29.503 s5.2.4
418,5.305347000,127.0.0.1,H-AMF,127.0.1.200,SCP1,7777,SBI (HTTP/2),SBI (Other),Other SBI message,Pre-Handover,,TS 29.500
419,5.305535000,127.0.0.1,SCP1,127.0.1.12,UDM,80,SBI (HTTP/2),SBI (Other),Other SBI message,Pre-Handover,,TS 29.500
420,5.305721000,127.0.1.12,UDM,127.0.0.1,SCP1,45472,SBI (HTTP/2),SBI (Other) Response,Response to SBI (Other) [HTTP 201],Pre-Handover,,TS 29.500
426,5.306127000,127.0.1.4,H-SMF,127.0.0.1,SCP1,39590,SBI (HTTP/2),Nsmf_PDUSession_CreateSMContext (H-SMF) Response,Response to Nsmf_PDUSession_CreateSMContext (H-SMF) [HTTP 201],Pre-Handover - Session Setup,Step 1d-e (H-AMF -> H-SMF via SCP1),TS 29.502 s5.2.2 / TS 23.502 s4.3.2
428,5.306197000,127.0.0.1,H-AMF,127.0.1.200,SCP1,7777,SBI (HTTP/2),SBI (Other),Other SBI message,Pre-Handover,,TS 29.500
431,5.306412000,127.0.0.1,Loopback-Client,127.0.1.13,PCF,80,SBI (HTTP/2),SBI (Other),Other SBI message,Pre-Handover,,TS 29.500
437,5.307014000,127.0.0.1,PCF,127.0.1.200,SCP1,7777,SBI (HTTP/2),Nudr_DM Policy Data,UDR provides policy data for PCF,Pre-Handover - Registration,Registration SBI,TS 29.504 s5.2.2
438,5.307204000,127.0.0.1,SCP1,127.0.1.20,UDR,80,SBI (HTTP/2),Nudr_DM Policy Data,UDR provides policy data for PCF,Pre-Handover - Registration,Registration SBI,TS 29.504 s5.2.2
441,5.307624000,127.0.1.20,UDR,127.0.0.1,SCP1,39022,SBI (HTTP/2),Nudr_DM Policy Data Response,Response to Nudr_DM Policy Data [HTTP 200],Pre-Handover - Registration,Registration SBI,TS 29.504 s5.2.2
444,5.307785000,127.0.1.200,SCP1,127.0.0.1,PCF,43626,SBI (HTTP/2),Nudr_DM Policy Data Response,Response to Nudr_DM Policy Data [HTTP 200],Pre-Handover - Registration,Registration SBI,TS 29.504 s5.2.2
449,5.308168000,127.0.0.1,PCF,127.0.1.200,SCP1,7777,SBI (HTTP/2),Nbsf_Management Create,PCF creates BSF binding,Pre-Handover - Session Setup,Session SBI,TS 29.521 s5.2.2
455,5.308970000,127.0.0.1,SCP1,127.0.1.15,BSF,80,SBI (HTTP/2),Nbsf_Management Create,PCF creates BSF binding,Pre-Handover - Session Setup,Session SBI,TS 29.521 s5.2.2
461,5.309300000,127.0.1.15,BSF,127.0.0.1,SCP1,60948,SBI (HTTP/2),Nbsf_Management Create Response,Response to Nbsf_Management Create [HTTP 201],Pre-Handover - Session Setup,Session SBI,TS 29.521 s5.2.2
469,5.310207000,127.0.1.13,PCF,127.0.0.1,Loopback-Client,48964,SBI (HTTP/2),SBI (Other) Response,Response to SBI (Other) [HTTP 201],Pre-Handover,,TS 29.500
475,5.310653000,127.0.1.4,H-SMF,127.0.1.7,H-UPF,8805,PFCP (UDP),PFCP Session Establishment Request,SMF establishes N4 session at UPF (FAR/PDR/QER setup),Pre-Handover - Session Setup,N4 Session Establishment,TS 29.244 s7.4 / TS 23.502 s4.3.2
476,5.311082000,127.0.1.7,H-UPF,127.0.1.4,H-SMF,8805,PFCP (UDP),PFCP Session Establishment Response,UPF confirms N4 session establishment,Pre-Handover - Session Setup,N4 Session Establishment,TS 29.244 s7.4
480,5.311584000,127.0.0.1,H-SMF,127.0.1.200,SCP1,7777,SBI (HTTP/2),Namf_Communication_N1N2MessageTransfer,H-SMF delivers NAS PDU and N2 SM info to H-AMF,Pre-Handover - Session Setup,Step 1f-g (H-SMF -> H-AMF via SCP1),TS 29.518 s5.2.5.5 / TS 23.502 s4.3.2
481,5.311701000,127.0.0.1,SCP1,127.0.1.5,H-AMF,80,SBI (HTTP/2),Namf_Communication_N1N2MessageTransfer,H-SMF delivers NAS PDU and N2 SM info to H-AMF,Pre-Handover - Session Setup,Step 1f-g (H-SMF -> H-AMF via SCP1),TS 29.518 s5.2.5.5 / TS 23.502 s4.3.2
482,5.311923000,127.0.1.5,H-AMF,127.0.0.1,SCP1,48536,SBI (HTTP/2),Namf_Communication_N1N2MessageTransfer Response,Response to Namf_Communication_N1N2MessageTransfer [HTTP 200],Pre-Handover - Session Setup,Step 1f-g (H-SMF -> H-AMF via SCP1),TS 29.518 s5.2.5.5 / TS 23.502 s4.3.2
484,5.311960000,127.0.1.5,H-AMF,127.0.0.2,S-NG-RAN,37838,NGAP (SCTP),PDUSessionResourceSetupRequest,AMF sends PDU session resource setup to S-NG-RAN,Pre-Handover - Session Setup,Step 1h (H-AMF -> S-NG-RAN) / TS 23.502 s4.3.2,TS 38.413 s9.3.2.1
487,5.312030000,127.0.1.200,SCP1,127.0.0.1,H-SMF,43616,SBI (HTTP/2),Namf_Communication_N1N2MessageTransfer Response,Response to Namf_Communication_N1N2MessageTransfer [HTTP 200],Pre-Handover - Session Setup,Step 1f-g (H-SMF -> H-AMF via SCP1),TS 29.518 s5.2.5.5 / TS 23.502 s4.3.2
490,5.312132000,127.0.0.2,S-NG-RAN,127.0.1.5,H-AMF,38412,NGAP (SCTP),PDUSessionResourceSetupResponse,S-NG-RAN confirms PDU session resource setup,Pre-Handover - Session Setup,Step 1i (S-NG-RAN -> H-AMF) / TS 23.502 s4.3.2,TS 38.413 s9.3.2.1
491,5.312178000,127.0.0.2,S-NG-RAN,127.0.1.7,H-UPF,2152,GTP-U (UDP),T-PDU,GTP-U user data (T-PDU) [UL: S-NG-RAN -> H-UPF] TEID=0x00005ac8,Pre-Handover - Data Path,N3 GTP-U T-PDU (pre-handover),TS 29.281 s7.1 / TS 38.415
492,5.312263000,127.0.0.1,H-AMF,127.0.1.200,SCP1,7777,SBI (HTTP/2),Nsmf_PDUSession_UpdateSMContext (H-SMF),H-AMF/H-UPF UpdateSMContext to H-SMF (DL FAR activation),Pre-Handover - Session Setup,Step 1i DL (H-AMF -> H-SMF via SCP1),TS 29.502 s5.2.5 / TS 23.502 s4.3.2
493,5.312277000,127.0.1.7,H-UPF,127.0.1.4,H-SMF,8805,PFCP (UDP),PFCP Session Report Request,UPF reports uplink data arrival to SMF (buffered UL data),Pre-Handover - Session Setup,N4 Uplink Data Notify,TS 29.244 s7.7 / TS 23.502 s4.3.2
494,5.312377000,127.0.0.1,SCP1,127.0.1.4,H-SMF,80,SBI (HTTP/2),Nsmf_PDUSession_UpdateSMContext (H-SMF),H-AMF/H-UPF UpdateSMContext to H-SMF (DL FAR activation),Pre-Handover - Session Setup,Step 1i DL (H-AMF -> H-SMF via SCP1),TS 29.502 s5.2.5 / TS 23.502 s4.3.2
495,5.312394000,127.0.1.4,H-SMF,127.0.1.7,H-UPF,8805,PFCP (UDP),PFCP Session Report Response,SMF processes UPF uplink data report,Pre-Handover - Session Setup,N4 Uplink Data Notify,TS 29.244 s7.7
496,5.312509000,127.0.1.4,H-SMF,127.0.1.7,H-UPF,8805,PFCP (UDP),PFCP Session Modification Request,H-SMF modifies PSA-UPF N4 session,Pre-Handover - Session Setup,N4 Session Modification (pre-handover),TS 29.244 s7.5 / TS 23.502 s4.3.2
497,5.312560000,127.0.1.7,H-UPF,127.0.0.2,S-NG-RAN,2152,GTP-U (UDP),T-PDU,GTP-U user data (T-PDU) [DL: H-UPF -> S-NG-RAN] TEID=0x00000001,Pre-Handover - Data Path,N3 GTP-U T-PDU (pre-handover),TS 29.281 s7.1 / TS 38.415
498,5.312579000,127.0.1.7,H-UPF,127.0.1.4,H-SMF,8805,PFCP (UDP),PFCP Session Modification Response,H-SMF modifies PSA-UPF N4 session,Pre-Handover - Session Setup,N4 Session Modification (pre-handover),TS 29.244 s7.5 / TS 23.502 s4.3.2
499,5.312625000,127.0.0.2,S-NG-RAN,127.0.1.7,H-UPF,2152,GTP-U (UDP),T-PDU,GTP-U user data (T-PDU) [UL: S-NG-RAN -> H-UPF] TEID=0x00005ac8,Pre-Handover - Data Path,N3 GTP-U T-PDU (pre-handover),TS 29.281 s7.1 / TS 38.415
500,5.312668000,127.0.1.7,H-UPF,127.0.0.2,S-NG-RAN,2152,GTP-U (UDP),T-PDU,GTP-U user data (T-PDU) [DL: H-UPF -> S-NG-RAN] TEID=0x00000001,Pre-Handover - Data Path,N3 GTP-U T-PDU (pre-handover),TS 29.281 s7.1 / TS 38.415
501,5.312702000,127.0.0.1,H-AMF,127.0.1.200,SCP1,7777,SBI (HTTP/2),Nudm_UECM Registration,AMF registers UE context at UDM,Pre-Handover - Registration,Registration SBI,TS 29.503 s5.2.3
502,5.312807000,127.0.0.1,SCP1,127.0.1.12,UDM,80,SBI (HTTP/2),Nudm_UECM Registration,AMF registers UE context at UDM,Pre-Handover - Registration,Registration SBI,TS 29.503 s5.2.3
503,5.313091000,127.0.0.1,H-AMF,127.0.1.200,SCP1,7777,SBI (HTTP/2),Nudr_DM SMF Registration,UDR stores SMF PDU session registration,Pre-Handover - Session Setup,Session SBI,TS 29.504 s5.2.2
504,5.313182000,127.0.0.1,SCP1,127.0.1.20,UDR,80,SBI (HTTP/2),Nudr_DM SMF Registration,UDR stores SMF PDU session registration,Pre-Handover - Session Setup,Session SBI,TS 29.504 s5.2.2
505,5.313266000,127.0.1.20,UDR,127.0.0.1,SCP1,39022,SBI (HTTP/2),Nudr_DM SMF Registration Response,Response to Nudr_DM SMF Registration [HTTP 204],Pre-Handover - Session Setup,Session SBI,TS 29.504 s5.2.2
506,5.314381000,127.0.1.200,SCP1,127.0.0.1,H-AMF,43624,SBI (HTTP/2),Nudm_SDM Get Response,Response to Nudm_SDM Get [HTTP 204],Pre-Handover - Registration,Registration SBI,TS 29.503 s5.2.4
507,5.314619000,127.0.1.12,UDM,127.0.0.1,SCP1,45472,SBI (HTTP/2),Nudm_UECM Registration Response,Response to Nudm_UECM Registration [HTTP 201],Pre-Handover - Registration,Registration SBI,TS 29.503 s5.2.3
513,5.314839000,127.0.1.4,H-SMF,127.0.0.1,SCP1,39590,SBI (HTTP/2),Nsmf_PDUSession_UpdateSMContext (H-SMF) Response,Response to Nsmf_PDUSession_UpdateSMContext (H-SMF) [HTTP 204],Pre-Handover - Session Setup,Step 1i DL (H-AMF -> H-SMF via SCP1),TS 29.502 s5.2.5 / TS 23.502 s4.3.2
514,5.314884000,127.0.1.200,SCP1,127.0.0.1,H-AMF,43614,SBI (HTTP/2),Nsmf_PDUSession_UpdateSMContext (H-SMF) Response,Response to Nsmf_PDUSession_UpdateSMContext (H-SMF) [HTTP 204],Pre-Handover - Session Setup,Step 1i DL (H-AMF -> H-SMF via SCP1),TS 29.502 s5.2.5 / TS 23.502 s4.3.2
517,5.332777000,127.0.0.2,S-NG-RAN,127.0.1.7,H-UPF,2152,GTP-U (UDP),T-PDU,GTP-U user data (T-PDU) [UL: S-NG-RAN -> H-UPF] TEID=0x00005ac8,Pre-Handover - Data Path,N3 GTP-U T-PDU (pre-handover),TS 29.281 s7.1 / TS 38.415
518,5.332845000,127.0.1.7,H-UPF,127.0.0.2,S-NG-RAN,2152,GTP-U (UDP),T-PDU,GTP-U user data (T-PDU) [DL: H-UPF -> S-NG-RAN] TEID=0x00000001,Pre-Handover - Data Path,N3 GTP-U T-PDU (pre-handover),TS 29.281 s7.1 / TS 38.415
528,5.352935000,127.0.0.2,S-NG-RAN,127.0.1.7,H-UPF,2152,GTP-U (UDP),T-PDU,GTP-U user data (T-PDU) [UL: S-NG-RAN -> H-UPF] TEID=0x00005ac8,Pre-Handover - Data Path,N3 GTP-U T-PDU (pre-handover),TS 29.281 s7.1 / TS 38.415
529,5.353020000,127.0.1.7,H-UPF,127.0.0.2,S-NG-RAN,2152,GTP-U (UDP),T-PDU,GTP-U user data (T-PDU) [DL: H-UPF -> S-NG-RAN] TEID=0x00000001,Pre-Handover - Data Path,N3 GTP-U T-PDU (pre-handover),TS 29.281 s7.1 / TS 38.415
536,5.373139000,127.0.0.2,S-NG-RAN,127.0.1.7,H-UPF,2152,GTP-U (UDP),T-PDU,GTP-U user data (T-PDU) [UL: S-NG-RAN -> H-UPF] TEID=0x00005ac8,Pre-Handover - Data Path,N3 GTP-U T-PDU (pre-handover),TS 29.281 s7.1 / TS 38.415
537,5.373287000,127.0.1.7,H-UPF,127.0.0.2,S-NG-RAN,2152,GTP-U (UDP),T-PDU,GTP-U user data (T-PDU) [DL: H-UPF -> S-NG-RAN] TEID=0x00000001,Pre-Handover - Data Path,N3 GTP-U T-PDU (pre-handover),TS 29.281 s7.1 / TS 38.415
540,5.393424000,127.0.0.2,S-NG-RAN,127.0.1.7,H-UPF,2152,GTP-U (UDP),T-PDU,GTP-U user data (T-PDU) [UL: S-NG-RAN -> H-UPF] TEID=0x00005ac8,Pre-Handover - Data Path,N3 GTP-U T-PDU (pre-handover),TS 29.281 s7.1 / TS 38.415
541,5.393586000,127.0.1.7,H-UPF,127.0.0.2,S-NG-RAN,2152,GTP-U (UDP),T-PDU,GTP-U user data (T-PDU) [DL: H-UPF -> S-NG-RAN] TEID=0x00000001,Pre-Handover - Data Path,N3 GTP-U T-PDU (pre-handover),TS 29.281 s7.1 / TS 38.415
544,5.413726000,127.0.0.2,S-NG-RAN,127.0.1.7,H-UPF,2152,GTP-U (UDP),T-PDU,GTP-U user data (T-PDU) [UL: S-NG-RAN -> H-UPF] TEID=0x00005ac8,Pre-Handover - Data Path,N3 GTP-U T-PDU (pre-handover),TS 29.281 s7.1 / TS 38.415
545,5.413875000,127.0.1.7,H-UPF,127.0.0.2,S-NG-RAN,2152,GTP-U (UDP),T-PDU,GTP-U user data (T-PDU) [DL: H-UPF -> S-NG-RAN] TEID=0x00000001,Pre-Handover - Data Path,N3 GTP-U T-PDU (pre-handover),TS 29.281 s7.1 / TS 38.415
550,5.434024000,127.0.0.2,S-NG-RAN,127.0.1.7,H-UPF,2152,GTP-U (UDP),T-PDU,GTP-U user data (T-PDU) [UL: S-NG-RAN -> H-UPF] TEID=0x00005ac8,Pre-Handover - Data Path,N3 GTP-U T-PDU (pre-handover),TS 29.281 s7.1 / TS 38.415
551,5.434177000,127.0.1.7,H-UPF,127.0.0.2,S-NG-RAN,2152,GTP-U (UDP),T-PDU,GTP-U user data (T-PDU) [DL: H-UPF -> S-NG-RAN] TEID=0x00000001,Pre-Handover - Data Path,N3 GTP-U T-PDU (pre-handover),TS 29.281 s7.1 / TS 38.415
554,5.454329000,127.0.0.2,S-NG-RAN,127.0.1.7,H-UPF,2152,GTP-U (UDP),T-PDU,GTP-U user data (T-PDU) [UL: S-NG-RAN -> H-UPF] TEID=0x00005ac8,Pre-Handover - Data Path,N3 GTP-U T-PDU (pre-handover),TS 29.281 s7.1 / TS 38.415
555,5.454486000,127.0.1.7,H-UPF,127.0.0.2,S-NG-RAN,2152,GTP-U (UDP),T-PDU,GTP-U user data (T-PDU) [DL: H-UPF -> S-NG-RAN] TEID=0x00000001,Pre-Handover - Data Path,N3 GTP-U T-PDU (pre-handover),TS 29.281 s7.1 / TS 38.415
558,5.474645000,127.0.0.2,S-NG-RAN,127.0.1.7,H-UPF,2152,GTP-U (UDP),T-PDU,GTP-U user data (T-PDU) [UL: S-NG-RAN -> H-UPF] TEID=0x00005ac8,Pre-Handover - Data Path,N3 GTP-U T-PDU (pre-handover),TS 29.281 s7.1 / TS 38.415
559,5.474791000,127.0.1.7,H-UPF,127.0.0.2,S-NG-RAN,2152,GTP-U (UDP),T-PDU,GTP-U user data (T-PDU) [DL: H-UPF -> S-NG-RAN] TEID=0x00000001,Pre-Handover - Data Path,N3 GTP-U T-PDU (pre-handover),TS 29.281 s7.1 / TS 38.415
564,5.494934000,127.0.0.2,S-NG-RAN,127.0.1.7,H-UPF,2152,GTP-U (UDP),T-PDU,GTP-U user data (T-PDU) [UL: S-NG-RAN -> H-UPF] TEID=0x00005ac8,Pre-Handover - Data Path,N3 GTP-U T-PDU (pre-handover),TS 29.281 s7.1 / TS 38.415
565,5.495080000,127.0.1.7,H-UPF,127.0.0.2,S-NG-RAN,2152,GTP-U (UDP),T-PDU,GTP-U user data (T-PDU) [DL: H-UPF -> S-NG-RAN] TEID=0x00000001,Pre-Handover - Data Path,N3 GTP-U T-PDU (pre-handover),TS 29.281 s7.1 / TS 38.415
566,5.515323000,127.0.0.2,S-NG-RAN,127.0.1.7,H-UPF,2152,GTP-U (UDP),T-PDU,GTP-U user data (T-PDU) [UL: S-NG-RAN -> H-UPF] TEID=0x00005ac8,Pre-Handover - Data Path,N3 GTP-U T-PDU (pre-handover),TS 29.281 s7.1 / TS 38.415
567,5.515476000,127.0.1.7,H-UPF,127.0.0.2,S-NG-RAN,2152,GTP-U (UDP),T-PDU,GTP-U user data (T-PDU) [DL: H-UPF -> S-NG-RAN] TEID=0x00000001,Pre-Handover - Data Path,N3 GTP-U T-PDU (pre-handover),TS 29.281 s7.1 / TS 38.415
571,5.535717000,127.0.0.2,S-NG-RAN,127.0.1.7,H-UPF,2152,GTP-U (UDP),T-PDU,GTP-U user data (T-PDU) [UL: S-NG-RAN -> H-UPF] TEID=0x00005ac8,Pre-Handover - Data Path,N3 GTP-U T-PDU (pre-handover),TS 29.281 s7.1 / TS 38.415
572,5.535880000,127.0.1.7,H-UPF,127.0.0.2,S-NG-RAN,2152,GTP-U (UDP),T-PDU,GTP-U user data (T-PDU) [DL: H-UPF -> S-NG-RAN] TEID=0x00000001,Pre-Handover - Data Path,N3 GTP-U T-PDU (pre-handover),TS 29.281 s7.1 / TS 38.415
573,5.556326000,127.0.0.2,S-NG-RAN,127.0.1.5,H-AMF,38412,NGAP (SCTP),HandoverRequired,S-NG-RAN initiates handover; H-AMF begins HO preparation,Preparation,N2 Prep Step 1 (S-NG-RAN -> H-AMF),TS 38.413 s9.3.6.3 / TS 23.502 s4.9.1.3.2 Step 1
574,5.556399000,127.0.0.2,S-NG-RAN,127.0.1.7,H-UPF,2152,GTP-U (UDP),T-PDU,GTP-U user data (T-PDU) [UL: S-NG-RAN -> H-UPF] TEID=0x00005ac8,Execution - Data Path (Transition),N3 GTP-U T-PDU (during handover),TS 29.281 s7.1 / TS 23.502 s4.9.1.3 (break-before-make)
575,5.556553000,127.0.1.7,H-UPF,127.0.0.2,S-NG-RAN,2152,GTP-U (UDP),T-PDU,GTP-U user data (T-PDU) [DL: H-UPF -> S-NG-RAN] TEID=0x00000001,Execution - Data Path (Transition),N3 GTP-U T-PDU (during handover),TS 29.281 s7.1 / TS 23.502 s4.9.1.3 (break-before-make)
576,5.557255000,127.0.0.1,H-AMF,127.0.1.200,SCP1,7777,SBI (HTTP/2),Namf_Communication_CreateUEContext (Forwarded Hop),Intermediary forwarding leg of CreateUEContext via SCP/SEPP,Preparation,N2 Prep Step 3 (CreateUEContext forwarding leg),TS 29.518 s5.2.5.4 / TS 23.502 s4.9.1.3.2 Step 3
577,5.557676000,127.0.0.1,SCP1,127.0.1.10,NRF1,80,SBI (HTTP/2),Nnrf_NFDiscovery Request (T-AMF lookup),NRF discovery for target AMF through SEPP chain,Preparation,N2 Prep Step 2 (SCP1 -> NRF route via SEPP),TS 29.510 s5.2.10 / TS 23.502 s4.9.1.3.2 Step 2
578,5.558132000,127.0.0.1,H-AMF,127.0.1.200,SCP1,7777,SBI (HTTP/2),Nnrf_NFDiscovery Request (T-AMF lookup),NRF discovery for target AMF through SEPP chain,Preparation,N2 Prep Step 2 (SCP1 -> NRF route via SEPP),TS 29.510 s5.2.10 / TS 23.502 s4.9.1.3.2 Step 2
586,5.558601000,127.0.0.1,NRF1,127.0.1.250,SEPP1,7777,SBI (HTTP/2),Nnrf_NFDiscovery Request (T-AMF lookup),NRF discovery for target AMF through SEPP chain,Preparation,N2 Prep Step 2 (SCP1 -> NRF route via SEPP),TS 29.510 s5.2.10 / TS 23.502 s4.9.1.3.2 Step 2
597,5.559037000,127.0.0.1,SEPP1,127.0.2.252,SEPP2,7777,SBI (HTTP/2),Nnrf_NFDiscovery Request (T-AMF lookup),NRF discovery for target AMF through SEPP chain,Preparation,N2 Prep Step 2 (SCP1 -> NRF route via SEPP),TS 29.510 s5.2.10 / TS 23.502 s4.9.1.3.2 Step 2
603,5.559281000,127.0.0.1,SEPP2,127.0.2.200,SCP2,7777,SBI (HTTP/2),Nnrf_NFDiscovery Request (T-AMF lookup),NRF discovery for target AMF through SEPP chain,Preparation,N2 Prep Step 2 (SCP1 -> NRF route via SEPP),TS 29.510 s5.2.10 / TS 23.502 s4.9.1.3.2 Step 2
604,5.559542000,127.0.0.1,SCP2,127.0.2.10,NRF2,80,SBI (HTTP/2),Nnrf_NFDiscovery Request (T-AMF lookup),NRF discovery for target AMF through SEPP chain,Preparation,N2 Prep Step 2 (SCP1 -> NRF route via SEPP),TS 29.510 s5.2.10 / TS 23.502 s4.9.1.3.2 Step 2
605,5.559894000,127.0.2.10,NRF2,127.0.0.1,SCP2,45818,SBI (HTTP/2),Nnrf_NFDiscovery Request (T-AMF lookup) Response,Response to Nnrf_NFDiscovery Request (T-AMF lookup) [HTTP 200],Preparation,N2 Prep Step 2 (SCP1 -> NRF route via SEPP),TS 29.510 s5.2.10 / TS 23.502 s4.9.1.3.2 Step 2
608,5.559991000,127.0.2.200,SCP2,127.0.0.1,SEPP2,53098,SBI (HTTP/2),Nnrf_NFDiscovery Request (T-AMF lookup) Response,Response to Nnrf_NFDiscovery Request (T-AMF lookup) [HTTP 200],Preparation,N2 Prep Step 2 (SCP1 -> NRF route via SEPP),TS 29.510 s5.2.10 / TS 23.502 s4.9.1.3.2 Step 2
611,5.560125000,127.0.2.252,SEPP2,127.0.0.1,SEPP1,42712,SBI (HTTP/2),Nnrf_NFDiscovery Request (T-AMF lookup) Response,Response to Nnrf_NFDiscovery Request (T-AMF lookup) [HTTP 200],Preparation,N2 Prep Step 2 (SCP1 -> NRF route via SEPP),TS 29.510 s5.2.10 / TS 23.502 s4.9.1.3.2 Step 2
614,5.560250000,127.0.1.250,SEPP1,127.0.0.1,NRF1,39712,SBI (HTTP/2),Nnrf_NFDiscovery Request (T-AMF lookup) Response,Response to Nnrf_NFDiscovery Request (T-AMF lookup) [HTTP 200],Preparation,N2 Prep Step 2 (SCP1 -> NRF route via SEPP),TS 29.510 s5.2.10 / TS 23.502 s4.9.1.3.2 Step 2
617,5.560437000,127.0.1.200,SCP1,127.0.0.1,H-AMF,43598,SBI (HTTP/2),Nnrf_NFDiscovery Request (T-AMF lookup) Response,Response to Nnrf_NFDiscovery Request (T-AMF lookup) [HTTP 200],Preparation,N2 Prep Step 2 (SCP1 -> NRF route via SEPP),TS 29.510 s5.2.10 / TS 23.502 s4.9.1.3.2 Step 2
621,5.560938000,127.0.1.10,NRF1,127.0.0.1,SCP1,57282,SBI (HTTP/2),Nnrf_NFDiscovery Request (T-AMF lookup) Response,Response to Nnrf_NFDiscovery Request (T-AMF lookup) [HTTP 200],Preparation,N2 Prep Step 2 (SCP1 -> NRF route via SEPP),TS 29.510 s5.2.10 / TS 23.502 s4.9.1.3.2 Step 2
624,5.561455000,127.0.0.1,SCP1,127.0.1.250,SEPP1,7777,SBI (HTTP/2),Namf_Communication_CreateUEContext (Forwarded Hop),Intermediary forwarding leg of CreateUEContext via SCP/SEPP,Preparation,N2 Prep Step 3 (CreateUEContext forwarding leg),TS 29.518 s5.2.5.4 / TS 23.502 s4.9.1.3.2 Step 3
625,5.561580000,127.0.0.1,SEPP1,127.0.2.252,SEPP2,7777,SBI (HTTP/2),Namf_Communication_CreateUEContext (Forwarded Hop),Intermediary forwarding leg of CreateUEContext via SCP/SEPP,Preparation,N2 Prep Step 3 (CreateUEContext forwarding leg),TS 29.518 s5.2.5.4 / TS 23.502 s4.9.1.3.2 Step 3
626,5.561711000,127.0.0.1,SEPP2,127.0.2.200,SCP2,7777,SBI (HTTP/2),Namf_Communication_CreateUEContext (Forwarded Hop),Intermediary forwarding leg of CreateUEContext via SCP/SEPP,Preparation,N2 Prep Step 3 (CreateUEContext forwarding leg),TS 29.518 s5.2.5.4 / TS 23.502 s4.9.1.3.2 Step 3
627,5.561925000,127.0.0.1,SCP2,127.0.2.5,V-AMF,80,SBI (HTTP/2),Namf_Communication_CreateUEContext,H-AMF sends CreateUEContext to V-AMF through SEPP chain (5 hops),Preparation,"N2 Prep Step 3 (H-AMF -> V-AMF, terminal hop)",TS 29.518 s5.2.5.4 / TS 23.502 s4.9.1.3.2 Step 3
630,5.563142000,127.0.0.1,V-AMF,127.0.2.200,SCP2,7777,SBI (HTTP/2),Nsmf_PDUSession_CreateSMContext (V-SMF),V-AMF sends CreateSMContext to V-SMF,Preparation (HR V-SMF Insertion),HR Prep Step 3 (V-AMF -> V-SMF via SCP2),TS 29.502 s5.2.2 / TS 23.502 s4.23.7.3.2 Step 3
631,5.563343000,127.0.0.1,SCP2,127.0.2.4,V-SMF,80,SBI (HTTP/2),Nsmf_PDUSession_CreateSMContext (V-SMF),V-AMF sends CreateSMContext to V-SMF,Preparation (HR V-SMF Insertion),HR Prep Step 3 (V-AMF -> V-SMF via SCP2),TS 29.502 s5.2.2 / TS 23.502 s4.23.7.3.2 Step 3
632,5.564152000,127.0.2.4,V-SMF,127.0.2.7,V-UPF,8805,PFCP (UDP),PFCP Session Establishment Request,V-SMF establishes N4 session at V-UPF (HR preparation),Preparation (HR),HR Prep Step 7 (V-SMF -> V-UPF N4 setup),TS 29.244 s7.4 / TS 23.502 s4.23.7.3.2 Step 7
633,5.564436000,127.0.2.7,V-UPF,127.0.2.4,V-SMF,8805,PFCP (UDP),PFCP Session Establishment Response,UPF confirms N4 session establishment,Pre-Handover - Session Setup,N4 Session Establishment,TS 29.244 s7.4
634,5.564861000,127.0.0.1,V-SMF,127.0.2.200,SCP2,7777,SBI (HTTP/2),Nsmf_PDUSession_Create HO (V-SMF -> H-SMF),V-SMF creates PDU sessions at H-SMF with ho_preparation_indication,Preparation (HR V-SMF Insertion),HR Prep Step 5/7c (V-SMF -> H-SMF via SEPP chain),TS 29.502 s5.2.2 / TS 23.502 s4.23.7.3.2 Step 5a + Step 7c
643,5.565281000,127.0.0.1,SCP2,127.0.2.250,SEPP2,7777,SBI (HTTP/2),Nsmf_PDUSession_Create HO (V-SMF -> H-SMF),V-SMF creates PDU sessions at H-SMF with ho_preparation_indication,Preparation (HR V-SMF Insertion),HR Prep Step 5/7c (V-SMF -> H-SMF via SEPP chain),TS 29.502 s5.2.2 / TS 23.502 s4.23.7.3.2 Step 5a + Step 7c
654,5.565553000,127.0.0.1,SEPP2,127.0.1.252,SEPP1,7777,SBI (HTTP/2),Nsmf_PDUSession_Create HO (V-SMF -> H-SMF),V-SMF creates PDU sessions at H-SMF with ho_preparation_indication,Preparation (HR V-SMF Insertion),HR Prep Step 5/7c (V-SMF -> H-SMF via SEPP chain),TS 29.502 s5.2.2 / TS 23.502 s4.23.7.3.2 Step 5a + Step 7c
655,5.565694000,127.0.0.1,SEPP1,127.0.1.200,SCP1,7777,SBI (HTTP/2),Nsmf_PDUSession_Create HO (V-SMF -> H-SMF),V-SMF creates PDU sessions at H-SMF with ho_preparation_indication,Preparation (HR V-SMF Insertion),HR Prep Step 5/7c (V-SMF -> H-SMF via SEPP chain),TS 29.502 s5.2.2 / TS 23.502 s4.23.7.3.2 Step 5a + Step 7c
656,5.565886000,127.0.0.1,SCP1,127.0.1.4,H-SMF,80,SBI (HTTP/2),Nsmf_PDUSession_Create HO (V-SMF -> H-SMF),V-SMF creates PDU sessions at H-SMF with ho_preparation_indication,Preparation (HR V-SMF Insertion),HR Prep Step 5/7c (V-SMF -> H-SMF via SEPP chain),TS 29.502 s5.2.2 / TS 23.502 s4.23.7.3.2 Step 5a + Step 7c
658,5.566425000,127.0.1.4,H-SMF,127.0.0.1,SCP1,39590,SBI (HTTP/2),Nsmf_PDUSession_Create HO (V-SMF -> H-SMF) Response,Response to Nsmf_PDUSession_Create HO (V-SMF -> H-SMF) [HTTP 201],Preparation (HR V-SMF Insertion),HR Prep Step 5/7c (V-SMF -> H-SMF via SEPP chain),TS 29.502 s5.2.2 / TS 23.502 s4.23.7.3.2 Step 5a + Step 7c
665,5.566737000,127.0.1.252,SEPP1,127.0.0.1,SEPP2,45454,SBI (HTTP/2),Nsmf_PDUSession_Create HO (V-SMF -> H-SMF) Response,Response to Nsmf_PDUSession_Create HO (V-SMF -> H-SMF) [HTTP 201],Preparation (HR V-SMF Insertion),HR Prep Step 5/7c (V-SMF -> H-SMF via SEPP chain),TS 29.502 s5.2.2 / TS 23.502 s4.23.7.3.2 Step 5a + Step 7c
668,5.566851000,127.0.2.250,SEPP2,127.0.0.1,SCP2,58280,SBI (HTTP/2),Nsmf_PDUSession_Create HO (V-SMF -> H-SMF) Response,Response to Nsmf_PDUSession_Create HO (V-SMF -> H-SMF) [HTTP 201],Preparation (HR V-SMF Insertion),HR Prep Step 5/7c (V-SMF -> H-SMF via SEPP chain),TS 29.502 s5.2.2 / TS 23.502 s4.23.7.3.2 Step 5a + Step 7c
675,5.567369000,127.0.2.4,V-SMF,127.0.0.1,SCP2,52226,SBI (HTTP/2),Nsmf_PDUSession_CreateSMContext (V-SMF) Response,Response to Nsmf_PDUSession_CreateSMContext (V-SMF) [HTTP 201],Preparation (HR V-SMF Insertion),HR Prep Step 8 (CreateSMContext response from V-SMF),TS 29.502 s5.2.2 / TS 23.502 s4.23.7.3.2 Step 8
682,5.567834000,127.0.2.5,V-AMF,127.0.0.3,T-NG-RAN,43743,NGAP (SCTP),HandoverRequest,V-AMF requests T-NG-RAN to allocate HO resources,Preparation,N2 Prep Step 9 (V-AMF -> T-NG-RAN),TS 38.413 s9.3.6.3 / TS 23.502 s4.9.1.3.2 Step 9 (= s4.23.7.3.2 Step 14)
683,5.568169000,127.0.0.3,T-NG-RAN,127.0.2.5,V-AMF,38412,NGAP (SCTP),HandoverRequestAcknowledge,T-NG-RAN confirms HO resource allocation; includes DL forwarding tunnel,Preparation,N2 Prep Step 10 (T-NG-RAN -> V-AMF),TS 38.413 s9.3.6.3 / TS 23.502 s4.9.1.3.2 Step 10 (= s4.23.7.3.2 Step 14)
684,5.568434000,127.0.0.1,V-AMF,127.0.2.200,SCP2,7777,SBI (HTTP/2),Nsmf_PDUSession_UpdateSMContext (V-SMF),V-AMF sends preparation UpdateSMContext to V-SMF,Preparation (HR V-SMF Insertion),HR Prep Step 15 (V-AMF -> V-SMF via SCP2),TS 29.502 s5.2.5 / TS 23.502 s4.23.7.3.2 Step 15
685,5.568756000,127.0.0.1,SCP2,127.0.2.4,V-SMF,80,SBI (HTTP/2),Nsmf_PDUSession_UpdateSMContext (V-SMF),V-AMF sends preparation UpdateSMContext to V-SMF,Preparation (HR V-SMF Insertion),HR Prep Step 15 (V-AMF -> V-SMF via SCP2),TS 29.502 s5.2.5 / TS 23.502 s4.23.7.3.2 Step 15
686,5.569093000,127.0.2.4,V-SMF,127.0.2.7,V-UPF,8805,PFCP (UDP),PFCP Session Modification Request,V-SMF modifies V-UPF N4 session during preparation,Preparation (HR V-SMF Insertion),HR Prep Step 16a (V-SMF -> V-UPF N4 modification),TS 29.244 s7.5 / TS 23.502 s4.23.7.3.2 Step 16a/16b
687,5.569398000,127.0.2.7,V-UPF,127.0.2.4,V-SMF,8805,PFCP (UDP),PFCP Session Modification Response,V-UPF confirms preparation N4 modification,Preparation (HR V-SMF Insertion),HR Prep Step 16b (V-UPF -> V-SMF N4 modification response),TS 29.244 s7.5 / TS 23.502 s4.23.7.3.2 Step 16a/16b
688,5.569661000,127.0.2.4,V-SMF,127.0.0.1,SCP2,52226,SBI (HTTP/2),Nsmf_PDUSession_UpdateSMContext (V-SMF) Response,Response to V-AMF preparation UpdateSMContext [HTTP 200],Preparation (HR V-SMF Insertion),HR Prep Step 23 (UpdateSMContext response from V-SMF),TS 29.502 s5.2.5 / TS 23.502 s4.23.7.3.2 Step 23
691,5.569836000,127.0.2.200,SCP2,127.0.0.1,V-AMF,53114,SBI (HTTP/2),Nsmf_PDUSession_UpdateSMContext (V-SMF) Response,Response to V-AMF preparation UpdateSMContext [HTTP 200],Preparation (HR V-SMF Insertion),HR Prep Step 23 (UpdateSMContext response from V-SMF),TS 29.502 s5.2.5 / TS 23.502 s4.23.7.3.2 Step 23
694,5.570152000,127.0.2.5,V-AMF,127.0.0.1,SCP2,35694,SBI (HTTP/2),Namf_Communication_CreateUEContext Response,Response to Namf_Communication_CreateUEContext [HTTP 201],Preparation,"N2 Prep Step 3 (H-AMF -> V-AMF, terminal hop)",TS 29.518 s5.2.5.4 / TS 23.502 s4.9.1.3.2 Step 3
701,5.570395000,127.0.2.252,SEPP2,127.0.0.1,SEPP1,42712,SBI (HTTP/2),Namf_Communication_CreateUEContext (Forwarded Hop) Response,Response to Namf_Communication_CreateUEContext (Forwarded Hop) [HTTP 201],Preparation,N2 Prep Step 3 (CreateUEContext forwarding leg),TS 29.518 s5.2.5.4 / TS 23.502 s4.9.1.3.2 Step 3
704,5.570465000,127.0.1.250,SEPP1,127.0.0.1,SCP1,39712,SBI (HTTP/2),Namf_Communication_CreateUEContext (Forwarded Hop) Response,Response to Namf_Communication_CreateUEContext (Forwarded Hop) [HTTP 201],Preparation,N2 Prep Step 3 (CreateUEContext forwarding leg),TS 29.518 s5.2.5.4 / TS 23.502 s4.9.1.3.2 Step 3
711,5.571008000,127.0.1.5,H-AMF,127.0.0.2,S-NG-RAN,37838,NGAP (SCTP),HandoverCommand,H-AMF commands S-NG-RAN to hand over UE,Execution,N2 Exec Step 1 (H-AMF -> S-NG-RAN),TS 38.413 s9.3.6.3 / TS 23.502 s4.9.1.3.3 Step 1
712,5.571132000,127.0.0.2,S-NG-RAN,127.0.2.7,V-UPF,2152,GTP-U (UDP),T-PDU,GTP-U user data (T-PDU) [UL: S-NG-RAN -> V-UPF] TEID=0x00001502,Execution - Data Path (Transition),N3 GTP-U T-PDU (during handover),TS 29.281 s7.1 / TS 23.502 s4.9.1.3 (break-before-make)
735,5.721558000,127.0.0.2,S-NG-RAN,127.0.2.7,V-UPF,2152,GTP-U (UDP),T-PDU,GTP-U user data (T-PDU) [UL: S-NG-RAN -> V-UPF] TEID=0x0000ef32,Execution - Data Path (Transition),N3 GTP-U T-PDU (during handover),TS 29.281 s7.1 / TS 23.502 s4.9.1.3 (break-before-make)
736,5.721739000,127.0.2.7,V-UPF,127.0.0.3,T-NG-RAN,2152,GTP-U (UDP),T-PDU,GTP-U user data (T-PDU) [DL: V-UPF -> T-NG-RAN] TEID=0x0000000b,Execution - Data Path (Transition),N3 GTP-U T-PDU (during handover),TS 29.281 s7.1 / TS 23.502 s4.9.1.3 (break-before-make)
737,5.721934000,127.0.0.2,S-NG-RAN,127.0.1.5,H-AMF,38412,NGAP (SCTP),UplinkRANStatusTransfer,S-NG-RAN forwards PDCP SN status to H-AMF for delivery to target,Execution,N2 Exec Step 2a (S-NG-RAN -> H-AMF),TS 38.413 s9.3.6.5 / TS 23.502 s4.9.1.3.3 Step 2a
738,5.722364000,127.0.0.1,H-AMF,127.0.1.200,SCP1,7777,SBI (HTTP/2),Namf_Communication_N2InfoNotify (-> V-AMF),Notify V-AMF (RAN status transfer from H-AMF routed through SEPP),Execution,N2 Exec Step 2b (H-AMF -> V-AMF via SEPP),TS 29.518 s5.2.5.6 / TS 23.502 s4.9.1.3.3 Step 2b
739,5.722696000,127.0.0.1,SCP1,127.0.1.250,SEPP1,7777,SBI (HTTP/2),Namf_Communication_N2InfoNotify (-> V-AMF),Notify V-AMF (RAN status transfer from H-AMF routed through SEPP),Execution,N2 Exec Step 2b (H-AMF -> V-AMF via SEPP),TS 29.518 s5.2.5.6 / TS 23.502 s4.9.1.3.3 Step 2b
740,5.723062000,127.0.0.1,SEPP1,127.0.2.252,SEPP2,7777,SBI (HTTP/2),Namf_Communication_N2InfoNotify (-> V-AMF),Notify V-AMF (RAN status transfer from H-AMF routed through SEPP),Execution,N2 Exec Step 2b (H-AMF -> V-AMF via SEPP),TS 29.518 s5.2.5.6 / TS 23.502 s4.9.1.3.3 Step 2b
741,5.723396000,127.0.0.1,SEPP2,127.0.2.200,SCP2,7777,SBI (HTTP/2),Namf_Communication_N2InfoNotify (-> V-AMF),Notify V-AMF (RAN status transfer from H-AMF routed through SEPP),Execution,N2 Exec Step 2b (H-AMF -> V-AMF via SEPP),TS 29.518 s5.2.5.6 / TS 23.502 s4.9.1.3.3 Step 2b
742,5.723709000,127.0.0.1,SCP2,127.0.2.5,V-AMF,80,SBI (HTTP/2),Namf_Communication_N2InfoNotify (-> V-AMF),Notify V-AMF (RAN status transfer from H-AMF routed through SEPP),Execution,N2 Exec Step 2b (H-AMF -> V-AMF via SEPP),TS 29.518 s5.2.5.6 / TS 23.502 s4.9.1.3.3 Step 2b
743,5.724068000,127.0.2.5,V-AMF,127.0.0.1,SCP2,35694,SBI (HTTP/2),Namf_Communication_N2InfoNotify (-> V-AMF),Notify V-AMF (RAN status transfer from H-AMF routed through SEPP),Execution,N2 Exec Step 2b (H-AMF -> V-AMF via SEPP),TS 29.518 s5.2.5.6 / TS 23.502 s4.9.1.3.3 Step 2b
745,5.724143000,127.0.2.5,V-AMF,127.0.0.3,T-NG-RAN,43743,NGAP (SCTP),DownlinkRANStatusTransfer,V-AMF delivers PDCP SN status from source to T-NG-RAN,Execution,N2 Exec Step 2c (V-AMF -> T-NG-RAN),TS 38.413 s9.3.6.5 / TS 23.502 s4.9.1.3.3 Step 2c
746,5.724274000,127.0.0.3,T-NG-RAN,127.0.2.5,V-AMF,38412,NGAP (SCTP),HandoverNotify,T-NG-RAN signals UE has arrived; HO complete at RAN,Execution - Completion,N2 Exec Step 5 (T-NG-RAN -> V-AMF),TS 38.413 s9.3.3.3 / TS 23.502 s4.9.1.3.3 Step 5
747,5.724319000,127.0.2.200,SCP2,127.0.0.1,V-AMF,53098,SBI (HTTP/2),Namf_Communication_N2InfoNotify (-> H-AMF),Notify H-AMF of handover completion (V-AMF routed through SEPP),Execution - Completion,"N2 Exec Step 6a (V-AMF -> H-AMF via SEPP, 5 hops)",TS 29.518 s5.2.5.6 / TS 23.502 s4.9.1.3.3 Step 6a
748,5.724732000,127.0.0.1,V-AMF,127.0.2.200,SCP2,7777,SBI (HTTP/2),Namf_Communication_N2InfoNotify (-> H-AMF),Notify H-AMF of handover completion (V-AMF routed through SEPP),Execution - Completion,"N2 Exec Step 6a (V-AMF -> H-AMF via SEPP, 5 hops)",TS 29.518 s5.2.5.6 / TS 23.502 s4.9.1.3.3 Step 6a
749,5.724821000,127.0.0.1,V-AMF,127.0.2.200,SCP2,7777,SBI (HTTP/2),Nsmf_PDUSession_UpdateSMContext (V-SMF),V-AMF sends handover-complete UpdateSMContext to V-SMF,Execution - Completion (HR),HR Exec Step 2 (V-AMF -> V-SMF via SCP2),TS 29.502 s5.2.5 / TS 23.502 s4.23.7.3.3 Step 2
750,5.724930000,127.0.0.1,SCP2,127.0.2.250,SEPP2,7777,SBI (HTTP/2),Namf_Communication_N2InfoNotify (-> H-AMF),Notify H-AMF of handover completion (V-AMF routed through SEPP),Execution - Completion,"N2 Exec Step 6a (V-AMF -> H-AMF via SEPP, 5 hops)",TS 29.518 s5.2.5.6 / TS 23.502 s4.9.1.3.3 Step 6a
752,5.725129000,127.0.0.1,SEPP2,127.0.1.252,SEPP1,7777,SBI (HTTP/2),Namf_Communication_N2InfoNotify (-> H-AMF),Notify H-AMF of handover completion (V-AMF routed through SEPP),Execution - Completion,"N2 Exec Step 6a (V-AMF -> H-AMF via SEPP, 5 hops)",TS 29.518 s5.2.5.6 / TS 23.502 s4.9.1.3.3 Step 6a
753,5.725143000,127.0.0.1,SCP2,127.0.2.4,V-SMF,80,SBI (HTTP/2),Nsmf_PDUSession_UpdateSMContext (V-SMF),V-AMF sends handover-complete UpdateSMContext to V-SMF,Execution - Completion (HR),HR Exec Step 2 (V-AMF -> V-SMF via SCP2),TS 29.502 s5.2.5 / TS 23.502 s4.23.7.3.3 Step 2
754,5.725172000,127.0.2.252,SEPP2,127.0.0.1,SCP2,42712,SBI (HTTP/2),Namf_Communication_N2InfoNotify (-> H-AMF),Notify H-AMF of handover completion (V-AMF routed through SEPP),Execution - Completion,"N2 Exec Step 6a (V-AMF -> H-AMF via SEPP, 5 hops)",TS 29.518 s5.2.5.6 / TS 23.502 s4.9.1.3.3 Step 6a
755,5.725327000,127.0.2.4,V-SMF,127.0.2.7,V-UPF,8805,PFCP (UDP),PFCP Session Modification Request,V-SMF modifies V-UPF N4 session after handover completion,Execution - Completion (HR),HR Exec Step 5a (V-SMF -> V-UPF N4 modification),TS 29.244 s7.5 / TS 23.502 s4.23.7.3.3 Step 5a/5b
756,5.725419000,127.0.0.1,SEPP1,127.0.1.200,SCP1,7777,SBI (HTTP/2),Namf_Communication_N2InfoNotify (-> H-AMF),Notify H-AMF of handover completion (V-AMF routed through SEPP),Execution - Completion,"N2 Exec Step 6a (V-AMF -> H-AMF via SEPP, 5 hops)",TS 29.518 s5.2.5.6 / TS 23.502 s4.9.1.3.3 Step 6a
757,5.725491000,127.0.2.7,V-UPF,127.0.2.4,V-SMF,8805,PFCP (UDP),PFCP Session Modification Response,V-UPF confirms N4 modification after handover completion,Execution - Completion (HR),HR Exec Step 5b (V-UPF -> V-SMF N4 modification response),TS 29.244 s7.5 / TS 23.502 s4.23.7.3.3 Step 5a/5b
758,5.725578000,127.0.1.250,SEPP1,127.0.0.1,SEPP2,39712,SBI (HTTP/2),Namf_Communication_N2InfoNotify (-> H-AMF),Notify H-AMF of handover completion (V-AMF routed through SEPP),Execution - Completion,"N2 Exec Step 6a (V-AMF -> H-AMF via SEPP, 5 hops)",TS 29.518 s5.2.5.6 / TS 23.502 s4.9.1.3.3 Step 6a
759,5.725627000,127.0.0.1,SCP1,127.0.1.5,H-AMF,80,SBI (HTTP/2),Namf_Communication_N2InfoNotify (-> H-AMF),Notify H-AMF of handover completion (V-AMF routed through SEPP),Execution - Completion,"N2 Exec Step 6a (V-AMF -> H-AMF via SEPP, 5 hops)",TS 29.518 s5.2.5.6 / TS 23.502 s4.9.1.3.3 Step 6a
760,5.725784000,127.0.1.200,SCP1,127.0.0.1,SEPP1,43614,SBI (HTTP/2),Namf_Communication_N2InfoNotify (-> H-AMF),Notify H-AMF of handover completion (V-AMF routed through SEPP),Execution - Completion,"N2 Exec Step 6a (V-AMF -> H-AMF via SEPP, 5 hops)",TS 29.518 s5.2.5.6 / TS 23.502 s4.9.1.3.3 Step 6a
761,5.725786000,127.0.0.1,V-SMF,127.0.2.200,SCP2,7777,SBI (HTTP/2),Nsmf_PDUSession_Update (V-SMF -> H-SMF),V-SMF updates H-SMF with new data path info (DL switch / cleanup),Execution - Completion (HR),HR Exec Step 6 (V-SMF -> H-SMF via SEPP chain),TS 29.502 s5.2.3 / TS 23.502 s4.23.7.3.3 Step 6
763,5.725863000,127.0.1.5,H-AMF,127.0.0.1,SCP1,48536,SBI (HTTP/2),Namf_Communication_N2InfoNotify (-> H-AMF),Notify H-AMF of handover completion (V-AMF routed through SEPP),Execution - Completion,"N2 Exec Step 6a (V-AMF -> H-AMF via SEPP, 5 hops)",TS 29.518 s5.2.5.6 / TS 23.502 s4.9.1.3.3 Step 6a
765,5.725961000,127.0.0.1,SCP2,127.0.2.250,SEPP2,7777,SBI (HTTP/2),Nsmf_PDUSession_Update (V-SMF -> H-SMF),V-SMF updates H-SMF with new data path info (DL switch / cleanup),Execution - Completion (HR),HR Exec Step 6 (V-SMF -> H-SMF via SEPP chain),TS 29.502 s5.2.3 / TS 23.502 s4.23.7.3.3 Step 6
766,5.726005000,127.0.1.200,SCP1,127.0.0.1,SEPP1,43590,SBI (HTTP/2),Namf_Communication_N2InfoNotify (-> H-AMF),Notify H-AMF of handover completion (V-AMF routed through SEPP),Execution - Completion,"N2 Exec Step 6a (V-AMF -> H-AMF via SEPP, 5 hops)",TS 29.518 s5.2.5.6 / TS 23.502 s4.9.1.3.3 Step 6a
768,5.726113000,127.0.1.252,SEPP1,127.0.0.1,SEPP2,45454,SBI (HTTP/2),Namf_Communication_N2InfoNotify (-> H-AMF),Notify H-AMF of handover completion (V-AMF routed through SEPP),Execution - Completion,"N2 Exec Step 6a (V-AMF -> H-AMF via SEPP, 5 hops)",TS 29.518 s5.2.5.6 / TS 23.502 s4.9.1.3.3 Step 6a
769,5.726239000,127.0.0.1,SEPP2,127.0.1.252,SEPP1,7777,SBI (HTTP/2),Nsmf_PDUSession_Update (V-SMF -> H-SMF),V-SMF updates H-SMF with new data path info (DL switch / cleanup),Execution - Completion (HR),HR Exec Step 6 (V-SMF -> H-SMF via SEPP chain),TS 29.502 s5.2.3 / TS 23.502 s4.23.7.3.3 Step 6
770,5.726366000,127.0.2.250,SEPP2,127.0.0.1,SCP2,58280,SBI (HTTP/2),Namf_Communication_N2InfoNotify (-> H-AMF),Notify H-AMF of handover completion (V-AMF routed through SEPP),Execution - Completion,"N2 Exec Step 6a (V-AMF -> H-AMF via SEPP, 5 hops)",TS 29.518 s5.2.5.6 / TS 23.502 s4.9.1.3.3 Step 6a
771,5.726547000,127.0.0.1,SEPP1,127.0.1.200,SCP1,7777,SBI (HTTP/2),Nsmf_PDUSession_Update (V-SMF -> H-SMF),V-SMF updates H-SMF with new data path info (DL switch / cleanup),Execution - Completion (HR),HR Exec Step 6 (V-SMF -> H-SMF via SEPP chain),TS 29.502 s5.2.3 / TS 23.502 s4.23.7.3.3 Step 6
772,5.726740000,127.0.0.1,SCP1,127.0.1.4,H-SMF,80,SBI (HTTP/2),Nsmf_PDUSession_Update (V-SMF -> H-SMF),V-SMF updates H-SMF with new data path info (DL switch / cleanup),Execution - Completion (HR),HR Exec Step 6 (V-SMF -> H-SMF via SEPP chain),TS 29.502 s5.2.3 / TS 23.502 s4.23.7.3.3 Step 6
773,5.726978000,127.0.1.4,H-SMF,127.0.1.7,H-UPF,8805,PFCP (UDP),PFCP Session Modification Request,H-SMF modifies PSA-UPF N4 session after V-SMF update,Execution - Completion (HR),HR Exec Step 7a (H-SMF -> H-UPF N4 modification),TS 29.244 s7.5 / TS 23.502 s4.23.7.3.3 Step 7a/7b
774,5.727133000,127.0.1.7,H-UPF,127.0.1.4,H-SMF,8805,PFCP (UDP),PFCP Session Modification Response,PSA-UPF confirms post-handover N4 modification,Execution - Completion (HR),HR Exec Step 7b (H-UPF -> H-SMF N4 modification response),TS 29.244 s7.5 / TS 23.502 s4.23.7.3.3 Step 7a/7b
776,5.727233000,127.0.1.4,H-SMF,127.0.0.1,SCP1,39590,SBI (HTTP/2),Nsmf_PDUSession_Update (V-SMF -> H-SMF) Response,Response to Nsmf_PDUSession_Update (V-SMF -> H-SMF) [HTTP 204],Execution - Completion (HR),HR Exec Step 6 (V-SMF -> H-SMF via SEPP chain),TS 29.502 s5.2.3 / TS 23.502 s4.23.7.3.3 Step 6
778,5.727349000,127.0.1.200,SCP1,127.0.0.1,SEPP1,43590,SBI (HTTP/2),Nsmf_PDUSession_Update (V-SMF -> H-SMF) Response,Response to Nsmf_PDUSession_Update (V-SMF -> H-SMF) [HTTP 204],Execution - Completion (HR),HR Exec Step 6 (V-SMF -> H-SMF via SEPP chain),TS 29.502 s5.2.3 / TS 23.502 s4.23.7.3.3 Step 6
779,5.727467000,127.0.1.252,SEPP1,127.0.0.1,SEPP2,45454,SBI (HTTP/2),Nsmf_PDUSession_Update (V-SMF -> H-SMF) Response,Response to Nsmf_PDUSession_Update (V-SMF -> H-SMF) [HTTP 204],Execution - Completion (HR),HR Exec Step 6 (V-SMF -> H-SMF via SEPP chain),TS 29.502 s5.2.3 / TS 23.502 s4.23.7.3.3 Step 6
780,5.727535000,127.0.2.250,SEPP2,127.0.0.1,SCP2,58280,SBI (HTTP/2),Nsmf_PDUSession_Update (V-SMF -> H-SMF) Response,Response to Nsmf_PDUSession_Update (V-SMF -> H-SMF) [HTTP 204],Execution - Completion (HR),HR Exec Step 6 (V-SMF -> H-SMF via SEPP chain),TS 29.502 s5.2.3 / TS 23.502 s4.23.7.3.3 Step 6
781,5.727561000,127.0.2.200,SCP2,127.0.0.1,V-AMF,53114,SBI (HTTP/2),Namf_Communication_N2InfoNotify (-> H-AMF),Notify H-AMF of handover completion (V-AMF routed through SEPP),Execution - Completion,"N2 Exec Step 6a (V-AMF -> H-AMF via SEPP, 5 hops)",TS 29.518 s5.2.5.6 / TS 23.502 s4.9.1.3.3 Step 6a
783,5.727671000,127.0.2.200,SCP2,127.0.0.1,V-SMF,53126,SBI (HTTP/2),Nsmf_PDUSession_Update (V-SMF -> H-SMF) Response,Response to Nsmf_PDUSession_Update (V-SMF -> H-SMF) [HTTP 204],Execution - Completion (HR),HR Exec Step 6 (V-SMF -> H-SMF via SEPP chain),TS 29.502 s5.2.3 / TS 23.502 s4.23.7.3.3 Step 6
784,5.727773000,127.0.2.4,V-SMF,127.0.0.1,SCP2,52226,SBI (HTTP/2),Nsmf_PDUSession_UpdateSMContext (V-SMF) Response,Response to V-AMF handover-complete UpdateSMContext [HTTP 200],Execution - Completion (HR),HR Exec Step 9 (UpdateSMContext response from V-SMF),TS 29.502 s5.2.5 / TS 23.502 s4.23.7.3.3 Step 9
787,5.727910000,127.0.2.200,SCP2,127.0.0.1,V-AMF,53114,SBI (HTTP/2),Nsmf_PDUSession_UpdateSMContext (V-SMF) Response,Response to V-AMF handover-complete UpdateSMContext [HTTP 200],Execution - Completion (HR),HR Exec Step 9 (UpdateSMContext response from V-SMF),TS 29.502 s5.2.5 / TS 23.502 s4.23.7.3.3 Step 9
802,5.845927000,127.0.0.1,SCP1,127.0.1.10,NRF1,80,SBI (HTTP/2),Nnrf_NFManagement Update,NF heartbeat / NF profile registration,Pre-Handover - Setup,NF Registration (heartbeat),TS 29.510 s5.2.3
803,5.846212000,127.0.1.10,NRF1,127.0.0.1,SCP1,57282,SBI (HTTP/2),Nnrf_NFManagement Update Response,Response to Nnrf_NFManagement Update [HTTP 204],Pre-Handover - Setup,NF Registration (heartbeat),TS 29.510 s5.2.3
811,5.896027000,127.0.0.1,H-AMF,127.0.1.200,SCP1,7777,SBI (HTTP/2),Nnrf_NFManagement Update,NF heartbeat / NF profile registration,Pre-Handover - Setup,NF Registration (heartbeat),TS 29.510 s5.2.3
812,5.896318000,127.0.0.1,SCP1,127.0.1.10,NRF1,80,SBI (HTTP/2),Nnrf_NFManagement Update,NF heartbeat / NF profile registration,Pre-Handover - Setup,NF Registration (heartbeat),TS 29.510 s5.2.3
813,5.896498000,127.0.1.10,NRF1,127.0.0.1,SCP1,57282,SBI (HTTP/2),Nnrf_NFManagement Update Response,Response to Nnrf_NFManagement Update [HTTP 204],Pre-Handover - Setup,NF Registration (heartbeat),TS 29.510 s5.2.3
815,5.896642000,127.0.1.200,SCP1,127.0.0.1,H-AMF,43590,SBI (HTTP/2),Nnrf_NFManagement Update Response,Response to Nnrf_NFManagement Update [HTTP 204],Pre-Handover - Setup,NF Registration (heartbeat),TS 29.510 s5.2.3
826,6.026663000,127.0.1.5,H-AMF,127.0.0.2,S-NG-RAN,37838,NGAP (SCTP),UEContextReleaseCommand,AMF releases UE context at gNB,Post-Handover - Cleanup,N2 Exec Step 14 UECtxRelease,TS 38.413 s9.3.6.4 / TS 23.502 s4.9.1.3.3 Step 14a
827,6.026901000,127.0.0.2,S-NG-RAN,127.0.1.5,H-AMF,38412,NGAP (SCTP),UEContextReleaseComplete,gNB confirms UE context released,Post-Handover - Cleanup,N2 Exec Step 14 UECtxRelease,TS 38.413 s9.3.6.4 / TS 23.502 s4.9.1.3.3 Step 14b
828,6.028226000,127.0.2.4,V-SMF,127.0.2.7,V-UPF,8805,PFCP (UDP),PFCP Session Modification Request,V-SMF modifies V-UPF N4 session after handover completion,Execution - Completion (HR),HR Exec Step 5a (V-SMF -> V-UPF N4 modification),TS 29.244 s7.5 / TS 23.502 s4.23.7.3.3 Step 5a/5b
829,6.028441000,127.0.2.7,V-UPF,127.0.2.4,V-SMF,8805,PFCP (UDP),PFCP Session Modification Response,V-UPF confirms N4 modification after handover completion,Execution - Completion (HR),HR Exec Step 5b (V-UPF -> V-SMF N4 modification response),TS 29.244 s7.5 / TS 23.502 s4.23.7.3.3 Step 5a/5b
832,6.050504000,127.0.0.1,H-AMF,127.0.1.200,SCP1,7777,SBI (HTTP/2),Nnrf_NFManagement Update,NF heartbeat / NF profile registration,Pre-Handover - Setup,NF Registration (heartbeat),TS 29.510 s5.2.3
833,6.050780000,127.0.0.1,SCP1,127.0.1.10,NRF1,80,SBI (HTTP/2),Nnrf_NFManagement Update,NF heartbeat / NF profile registration,Pre-Handover - Setup,NF Registration (heartbeat),TS 29.510 s5.2.3
834,6.050963000,127.0.1.10,NRF1,127.0.0.1,SCP1,57282,SBI (HTTP/2),Nnrf_NFManagement Update Response,Response to Nnrf_NFManagement Update [HTTP 204],Pre-Handover - Setup,NF Registration (heartbeat),TS 29.510 s5.2.3
836,6.051099000,127.0.1.200,SCP1,127.0.0.1,H-AMF,43614,SBI (HTTP/2),Nnrf_NFManagement Update Response,Response to Nnrf_NFManagement Update [HTTP 204],Pre-Handover - Setup,NF Registration (heartbeat),TS 29.510 s5.2.3
838,6.054885000,127.0.0.1,H-AMF,127.0.1.200,SCP1,7777,SBI (HTTP/2),Nnrf_NFManagement Update,NF heartbeat / NF profile registration,Pre-Handover - Setup,NF Registration (heartbeat),TS 29.510 s5.2.3
839,6.055080000,127.0.0.1,SCP1,127.0.1.10,NRF1,80,SBI (HTTP/2),Nnrf_NFManagement Update,NF heartbeat / NF profile registration,Pre-Handover - Setup,NF Registration (heartbeat),TS 29.510 s5.2.3
840,6.055217000,127.0.1.10,NRF1,127.0.0.1,SCP1,57282,SBI (HTTP/2),Nnrf_NFManagement Update Response,Response to Nnrf_NFManagement Update [HTTP 204],Pre-Handover - Setup,NF Registration (heartbeat),TS 29.510 s5.2.3
841,6.055327000,127.0.1.200,SCP1,127.0.0.1,H-AMF,43616,SBI (HTTP/2),Nnrf_NFManagement Update Response,Response to Nnrf_NFManagement Update [HTTP 204],Pre-Handover - Setup,NF Registration (heartbeat),TS 29.510 s5.2.3
846,6.095295000,127.0.0.1,H-AMF,127.0.1.200,SCP1,7777,SBI (HTTP/2),Nnrf_NFManagement Update,NF heartbeat / NF profile registration,Pre-Handover - Setup,NF Registration (heartbeat),TS 29.510 s5.2.3
849,6.095631000,127.0.0.1,SCP1,127.0.1.10,NRF1,80,SBI (HTTP/2),Nnrf_NFManagement Update,NF heartbeat / NF profile registration,Pre-Handover - Setup,NF Registration (heartbeat),TS 29.510 s5.2.3
850,6.095796000,127.0.1.10,NRF1,127.0.0.1,SCP1,57282,SBI (HTTP/2),Nnrf_NFManagement Update Response,Response to Nnrf_NFManagement Update [HTTP 204],Pre-Handover - Setup,NF Registration (heartbeat),TS 29.510 s5.2.3
852,6.095929000,127.0.1.200,SCP1,127.0.0.1,H-AMF,43622,SBI (HTTP/2),Nnrf_NFManagement Update Response,Response to Nnrf_NFManagement Update [HTTP 204],Pre-Handover - Setup,NF Registration (heartbeat),TS 29.510 s5.2.3
858,6.150905000,127.0.0.1,H-AMF,127.0.1.200,SCP1,7777,SBI (HTTP/2),Nnrf_NFManagement Update,NF heartbeat / NF profile registration,Pre-Handover - Setup,NF Registration (heartbeat),TS 29.510 s5.2.3
859,6.151200000,127.0.0.1,SCP1,127.0.1.10,NRF1,80,SBI (HTTP/2),Nnrf_NFManagement Update,NF heartbeat / NF profile registration,Pre-Handover - Setup,NF Registration (heartbeat),TS 29.510 s5.2.3
860,6.151388000,127.0.1.10,NRF1,127.0.0.1,SCP1,57282,SBI (HTTP/2),Nnrf_NFManagement Update Response,Response to Nnrf_NFManagement Update [HTTP 204],Pre-Handover - Setup,NF Registration (heartbeat),TS 29.510 s5.2.3
862,6.151545000,127.0.1.200,SCP1,127.0.0.1,H-AMF,43624,SBI (HTTP/2),Nnrf_NFManagement Update Response,Response to Nnrf_NFManagement Update [HTTP 204],Pre-Handover - Setup,NF Registration (heartbeat),TS 29.510 s5.2.3
868,6.205631000,127.0.0.1,H-AMF,127.0.1.200,SCP1,7777,SBI (HTTP/2),Nnrf_NFManagement Update,NF heartbeat / NF profile registration,Pre-Handover - Setup,NF Registration (heartbeat),TS 29.510 s5.2.3
869,6.205915000,127.0.0.1,SCP1,127.0.1.10,NRF1,80,SBI (HTTP/2),Nnrf_NFManagement Update,NF heartbeat / NF profile registration,Pre-Handover - Setup,NF Registration (heartbeat),TS 29.510 s5.2.3
870,6.206096000,127.0.1.10,NRF1,127.0.0.1,SCP1,57282,SBI (HTTP/2),Nnrf_NFManagement Update Response,Response to Nnrf_NFManagement Update [HTTP 204],Pre-Handover - Setup,NF Registration (heartbeat),TS 29.510 s5.2.3
872,6.206230000,127.0.1.200,SCP1,127.0.0.1,H-AMF,43626,SBI (HTTP/2),Nnrf_NFManagement Update Response,Response to Nnrf_NFManagement Update [HTTP 204],Pre-Handover - Setup,NF Registration (heartbeat),TS 29.510 s5.2.3
876,6.257932000,127.0.0.1,H-AMF,127.0.1.200,SCP1,7777,SBI (HTTP/2),Nnrf_NFManagement Update,NF heartbeat / NF profile registration,Pre-Handover - Setup,NF Registration (heartbeat),TS 29.510 s5.2.3
877,6.258230000,127.0.0.1,SCP1,127.0.1.10,NRF1,80,SBI (HTTP/2),Nnrf_NFManagement Update,NF heartbeat / NF profile registration,Pre-Handover - Setup,NF Registration (heartbeat),TS 29.510 s5.2.3
878,6.258428000,127.0.1.10,NRF1,127.0.0.1,SCP1,57282,SBI (HTTP/2),Nnrf_NFManagement Update Response,Response to Nnrf_NFManagement Update [HTTP 204],Pre-Handover - Setup,NF Registration (heartbeat),TS 29.510 s5.2.3
880,6.258599000,127.0.1.200,SCP1,127.0.0.1,H-AMF,43630,SBI (HTTP/2),Nnrf_NFManagement Update Response,Response to Nnrf_NFManagement Update [HTTP 204],Pre-Handover - Setup,NF Registration (heartbeat),TS 29.510 s5.2.3
881,6.298883000,127.0.0.1,H-AMF,127.0.1.200,SCP1,7777,SBI (HTTP/2),Nnrf_NFManagement Update,NF heartbeat / NF profile registration,Pre-Handover - Setup,NF Registration (heartbeat),TS 29.510 s5.2.3
882,6.299118000,127.0.0.1,SCP1,127.0.1.10,NRF1,80,SBI (HTTP/2),Nnrf_NFManagement Update,NF heartbeat / NF profile registration,Pre-Handover - Setup,NF Registration (heartbeat),TS 29.510 s5.2.3
883,6.299282000,127.0.1.10,NRF1,127.0.0.1,SCP1,57282,SBI (HTTP/2),Nnrf_NFManagement Update Response,Response to Nnrf_NFManagement Update [HTTP 204],Pre-Handover - Setup,NF Registration (heartbeat),TS 29.510 s5.2.3
885,6.299394000,127.0.1.200,SCP1,127.0.0.1,H-AMF,43634,SBI (HTTP/2),Nnrf_NFManagement Update Response,Response to Nnrf_NFManagement Update [HTTP 204],Pre-Handover - Setup,NF Registration (heartbeat),TS 29.510 s5.2.3
887,6.327164000,127.0.0.3,T-NG-RAN,127.0.2.7,V-UPF,2152,GTP-U (UDP),T-PDU,GTP-U user data (T-PDU) [UL: T-NG-RAN -> V-UPF] TEID=0x00001502,Post-Handover - Data Path Verification,Post-HO Data Path Verification,TS 29.281 s7.1 / TS 23.502 s4.23.7.3 (post-HO)
888,6.327311000,127.0.2.7,V-UPF,127.0.1.7,H-UPF,2152,GTP-U (UDP),T-PDU,GTP-U user data (T-PDU) [UL-N9: V-UPF -> H-UPF] TEID=0x00005ac8,Post-Handover - Data Path Verification,Post-HO Data Path Verification,TS 29.281 s7.1 / TS 23.502 s4.23.7.3 (post-HO)
889,6.327445000,127.0.1.7,H-UPF,127.0.2.7,V-UPF,2152,GTP-U (UDP),T-PDU,GTP-U user data (T-PDU) [DL-N9: H-UPF -> V-UPF] TEID=0x0000aec7,Post-Handover - Data Path Verification,Post-HO Data Path Verification,TS 29.281 s7.1 / TS 23.502 s4.23.7.3 (post-HO)
890,6.327482000,127.0.2.7,V-UPF,127.0.0.3,T-NG-RAN,2152,GTP-U (UDP),T-PDU,GTP-U user data (T-PDU) [DL: V-UPF -> T-NG-RAN] TEID=0x0000000b,Post-Handover - Data Path Verification,Post-HO Data Path Verification,TS 29.281 s7.1 / TS 23.502 s4.23.7.3 (post-HO)
891,6.327664000,127.0.0.3,T-NG-RAN,127.0.2.7,V-UPF,2152,GTP-U (UDP),T-PDU,GTP-U user data (T-PDU) [UL: T-NG-RAN -> V-UPF] TEID=0x00001502,Post-Handover - Data Path Verification,Post-HO Data Path Verification,TS 29.281 s7.1 / TS 23.502 s4.23.7.3 (post-HO)
892,6.327699000,127.0.2.7,V-UPF,127.0.1.7,H-UPF,2152,GTP-U (UDP),T-PDU,GTP-U user data (T-PDU) [UL-N9: V-UPF -> H-UPF] TEID=0x00005ac8,Post-Handover - Data Path Verification,Post-HO Data Path Verification,TS 29.281 s7.1 / TS 23.502 s4.23.7.3 (post-HO)
893,6.327757000,127.0.1.7,H-UPF,127.0.2.7,V-UPF,2152,GTP-U (UDP),T-PDU,GTP-U user data (T-PDU) [DL-N9: H-UPF -> V-UPF] TEID=0x0000aec7,Post-Handover - Data Path Verification,Post-HO Data Path Verification,TS 29.281 s7.1 / TS 23.502 s4.23.7.3 (post-HO)
894,6.327787000,127.0.2.7,V-UPF,127.0.0.3,T-NG-RAN,2152,GTP-U (UDP),T-PDU,GTP-U user data (T-PDU) [DL: V-UPF -> T-NG-RAN] TEID=0x0000000b,Post-Handover - Data Path Verification,Post-HO Data Path Verification,TS 29.281 s7.1 / TS 23.502 s4.23.7.3 (post-HO)
895,6.327827000,127.0.0.3,T-NG-RAN,127.0.2.7,V-UPF,2152,GTP-U (UDP),T-PDU,GTP-U user data (T-PDU) [UL: T-NG-RAN -> V-UPF] TEID=0x00001502,Post-Handover - Data Path Verification,Post-HO Data Path Verification,TS 29.281 s7.1 / TS 23.502 s4.23.7.3 (post-HO)
896,6.327855000,127.0.2.7,V-UPF,127.0.1.7,H-UPF,2152,GTP-U (UDP),T-PDU,GTP-U user data (T-PDU) [UL-N9: V-UPF -> H-UPF] TEID=0x00005ac8,Post-Handover - Data Path Verification,Post-HO Data Path Verification,TS 29.281 s7.1 / TS 23.502 s4.23.7.3 (post-HO)
897,6.327907000,127.0.1.7,H-UPF,127.0.2.7,V-UPF,2152,GTP-U (UDP),T-PDU,GTP-U user data (T-PDU) [DL-N9: H-UPF -> V-UPF] TEID=0x0000aec7,Post-Handover - Data Path Verification,Post-HO Data Path Verification,TS 29.281 s7.1 / TS 23.502 s4.23.7.3 (post-HO)
898,6.327937000,127.0.2.7,V-UPF,127.0.0.3,T-NG-RAN,2152,GTP-U (UDP),T-PDU,GTP-U user data (T-PDU) [DL: V-UPF -> T-NG-RAN] TEID=0x0000000b,Post-Handover - Data Path Verification,Post-HO Data Path Verification,TS 29.281 s7.1 / TS 23.502 s4.23.7.3 (post-HO)
899,6.327992000,127.0.0.3,T-NG-RAN,127.0.2.7,V-UPF,2152,GTP-U (UDP),T-PDU,GTP-U user data (T-PDU) [UL: T-NG-RAN -> V-UPF] TEID=0x00001502,Post-Handover - Data Path Verification,Post-HO Data Path Verification,TS 29.281 s7.1 / TS 23.502 s4.23.7.3 (post-HO)
900,6.328024000,127.0.2.7,V-UPF,127.0.1.7,H-UPF,2152,GTP-U (UDP),T-PDU,GTP-U user data (T-PDU) [UL-N9: V-UPF -> H-UPF] TEID=0x00005ac8,Post-Handover - Data Path Verification,Post-HO Data Path Verification,TS 29.281 s7.1 / TS 23.502 s4.23.7.3 (post-HO)
901,6.328076000,127.0.1.7,H-UPF,127.0.2.7,V-UPF,2152,GTP-U (UDP),T-PDU,GTP-U user data (T-PDU) [DL-N9: H-UPF -> V-UPF] TEID=0x0000aec7,Post-Handover - Data Path Verification,Post-HO Data Path Verification,TS 29.281 s7.1 / TS 23.502 s4.23.7.3 (post-HO)
902,6.328104000,127.0.2.7,V-UPF,127.0.0.3,T-NG-RAN,2152,GTP-U (UDP),T-PDU,GTP-U user data (T-PDU) [DL: V-UPF -> T-NG-RAN] TEID=0x0000000b,Post-Handover - Data Path Verification,Post-HO Data Path Verification,TS 29.281 s7.1 / TS 23.502 s4.23.7.3 (post-HO)
906,6.348331000,127.0.0.3,T-NG-RAN,127.0.2.7,V-UPF,2152,GTP-U (UDP),T-PDU,GTP-U user data (T-PDU) [UL: T-NG-RAN -> V-UPF] TEID=0x00001502,Post-Handover - Data Path Verification,Post-HO Data Path Verification,TS 29.281 s7.1 / TS 23.502 s4.23.7.3 (post-HO)
907,6.348442000,127.0.2.7,V-UPF,127.0.1.7,H-UPF,2152,GTP-U (UDP),T-PDU,GTP-U user data (T-PDU) [UL-N9: V-UPF -> H-UPF] TEID=0x00005ac8,Post-Handover - Data Path Verification,Post-HO Data Path Verification,TS 29.281 s7.1 / TS 23.502 s4.23.7.3 (post-HO)
908,6.348564000,127.0.1.7,H-UPF,127.0.2.7,V-UPF,2152,GTP-U (UDP),T-PDU,GTP-U user data (T-PDU) [DL-N9: H-UPF -> V-UPF] TEID=0x0000aec7,Post-Handover - Data Path Verification,Post-HO Data Path Verification,TS 29.281 s7.1 / TS 23.502 s4.23.7.3 (post-HO)
909,6.348599000,127.0.2.7,V-UPF,127.0.0.3,T-NG-RAN,2152,GTP-U (UDP),T-PDU,GTP-U user data (T-PDU) [DL: V-UPF -> T-NG-RAN] TEID=0x0000000b,Post-Handover - Data Path Verification,Post-HO Data Path Verification,TS 29.281 s7.1 / TS 23.502 s4.23.7.3 (post-HO)
910,6.353728000,127.0.0.1,H-AMF,127.0.1.200,SCP1,7777,SBI (HTTP/2),Nnrf_NFManagement Update,NF heartbeat / NF profile registration,Pre-Handover - Setup,NF Registration (heartbeat),TS 29.510 s5.2.3
911,6.354004000,127.0.0.1,SCP1,127.0.1.10,NRF1,80,SBI (HTTP/2),Nnrf_NFManagement Update,NF heartbeat / NF profile registration,Pre-Handover - Setup,NF Registration (heartbeat),TS 29.510 s5.2.3
912,6.354194000,127.0.1.10,NRF1,127.0.0.1,SCP1,57282,SBI (HTTP/2),Nnrf_NFManagement Update Response,Response to Nnrf_NFManagement Update [HTTP 204],Pre-Handover - Setup,NF Registration (heartbeat),TS 29.510 s5.2.3
914,6.354334000,127.0.1.200,SCP1,127.0.0.1,H-AMF,43642,SBI (HTTP/2),Nnrf_NFManagement Update Response,Response to Nnrf_NFManagement Update [HTTP 204],Pre-Handover - Setup,NF Registration (heartbeat),TS 29.510 s5.2.3
917,6.368804000,127.0.0.3,T-NG-RAN,127.0.2.7,V-UPF,2152,GTP-U (UDP),T-PDU,GTP-U user data (T-PDU) [UL: T-NG-RAN -> V-UPF] TEID=0x00001502,Post-Handover - Data Path Verification,Post-HO Data Path Verification,TS 29.281 s7.1 / TS 23.502 s4.23.7.3 (post-HO)
918,6.368872000,127.0.2.7,V-UPF,127.0.1.7,H-UPF,2152,GTP-U (UDP),T-PDU,GTP-U user data (T-PDU) [UL-N9: V-UPF -> H-UPF] TEID=0x00005ac8,Post-Handover - Data Path Verification,Post-HO Data Path Verification,TS 29.281 s7.1 / TS 23.502 s4.23.7.3 (post-HO)
919,6.368991000,127.0.1.7,H-UPF,127.0.2.7,V-UPF,2152,GTP-U (UDP),T-PDU,GTP-U user data (T-PDU) [DL-N9: H-UPF -> V-UPF] TEID=0x0000aec7,Post-Handover - Data Path Verification,Post-HO Data Path Verification,TS 29.281 s7.1 / TS 23.502 s4.23.7.3 (post-HO)
920,6.369024000,127.0.2.7,V-UPF,127.0.0.3,T-NG-RAN,2152,GTP-U (UDP),T-PDU,GTP-U user data (T-PDU) [DL: V-UPF -> T-NG-RAN] TEID=0x0000000b,Post-Handover - Data Path Verification,Post-HO Data Path Verification,TS 29.281 s7.1 / TS 23.502 s4.23.7.3 (post-HO)
923,6.389279000,127.0.0.3,T-NG-RAN,127.0.2.7,V-UPF,2152,GTP-U (UDP),T-PDU,GTP-U user data (T-PDU) [UL: T-NG-RAN -> V-UPF] TEID=0x00001502,Post-Handover - Data Path Verification,Post-HO Data Path Verification,TS 29.281 s7.1 / TS 23.502 s4.23.7.3 (post-HO)
924,6.389388000,127.0.2.7,V-UPF,127.0.1.7,H-UPF,2152,GTP-U (UDP),T-PDU,GTP-U user data (T-PDU) [UL-N9: V-UPF -> H-UPF] TEID=0x00005ac8,Post-Handover - Data Path Verification,Post-HO Data Path Verification,TS 29.281 s7.1 / TS 23.502 s4.23.7.3 (post-HO)
925,6.389485000,127.0.1.7,H-UPF,127.0.2.7,V-UPF,2152,GTP-U (UDP),T-PDU,GTP-U user data (T-PDU) [DL-N9: H-UPF -> V-UPF] TEID=0x0000aec7,Post-Handover - Data Path Verification,Post-HO Data Path Verification,TS 29.281 s7.1 / TS 23.502 s4.23.7.3 (post-HO)
926,6.389537000,127.0.2.7,V-UPF,127.0.0.3,T-NG-RAN,2152,GTP-U (UDP),T-PDU,GTP-U user data (T-PDU) [DL: V-UPF -> T-NG-RAN] TEID=0x0000000b,Post-Handover - Data Path Verification,Post-HO Data Path Verification,TS 29.281 s7.1 / TS 23.502 s4.23.7.3 (post-HO)
930,6.409801000,127.0.0.3,T-NG-RAN,127.0.2.7,V-UPF,2152,GTP-U (UDP),T-PDU,GTP-U user data (T-PDU) [UL: T-NG-RAN -> V-UPF] TEID=0x00001502,Post-Handover - Data Path Verification,Post-HO Data Path Verification,TS 29.281 s7.1 / TS 23.502 s4.23.7.3 (post-HO)
931,6.409902000,127.0.2.7,V-UPF,127.0.1.7,H-UPF,2152,GTP-U (UDP),T-PDU,GTP-U user data (T-PDU) [UL-N9: V-UPF -> H-UPF] TEID=0x00005ac8,Post-Handover - Data Path Verification,Post-HO Data Path Verification,TS 29.281 s7.1 / TS 23.502 s4.23.7.3 (post-HO)
932,6.410008000,127.0.1.7,H-UPF,127.0.2.7,V-UPF,2152,GTP-U (UDP),T-PDU,GTP-U user data (T-PDU) [DL-N9: H-UPF -> V-UPF] TEID=0x0000aec7,Post-Handover - Data Path Verification,Post-HO Data Path Verification,TS 29.281 s7.1 / TS 23.502 s4.23.7.3 (post-HO)
933,6.410044000,127.0.2.7,V-UPF,127.0.0.3,T-NG-RAN,2152,GTP-U (UDP),T-PDU,GTP-U user data (T-PDU) [DL: V-UPF -> T-NG-RAN] TEID=0x0000000b,Post-Handover - Data Path Verification,Post-HO Data Path Verification,TS 29.281 s7.1 / TS 23.502 s4.23.7.3 (post-HO)
938,6.430248000,127.0.0.3,T-NG-RAN,127.0.2.7,V-UPF,2152,GTP-U (UDP),T-PDU,GTP-U user data (T-PDU) [UL: T-NG-RAN -> V-UPF] TEID=0x00001502,Post-Handover - Data Path Verification,Post-HO Data Path Verification,TS 29.281 s7.1 / TS 23.502 s4.23.7.3 (post-HO)
939,6.430369000,127.0.2.7,V-UPF,127.0.1.7,H-UPF,2152,GTP-U (UDP),T-PDU,GTP-U user data (T-PDU) [UL-N9: V-UPF -> H-UPF] TEID=0x00005ac8,Post-Handover - Data Path Verification,Post-HO Data Path Verification,TS 29.281 s7.1 / TS 23.502 s4.23.7.3 (post-HO)
940,6.430478000,127.0.1.7,H-UPF,127.0.2.7,V-UPF,2152,GTP-U (UDP),T-PDU,GTP-U user data (T-PDU) [DL-N9: H-UPF -> V-UPF] TEID=0x0000aec7,Post-Handover - Data Path Verification,Post-HO Data Path Verification,TS 29.281 s7.1 / TS 23.502 s4.23.7.3 (post-HO)
941,6.430523000,127.0.2.7,V-UPF,127.0.0.3,T-NG-RAN,2152,GTP-U (UDP),T-PDU,GTP-U user data (T-PDU) [DL: V-UPF -> T-NG-RAN] TEID=0x0000000b,Post-Handover - Data Path Verification,Post-HO Data Path Verification,TS 29.281 s7.1 / TS 23.502 s4.23.7.3 (post-HO)
944,6.450726000,127.0.0.3,T-NG-RAN,127.0.2.7,V-UPF,2152,GTP-U (UDP),T-PDU,GTP-U user data (T-PDU) [UL: T-NG-RAN -> V-UPF] TEID=0x00001502,Post-Handover - Data Path Verification,Post-HO Data Path Verification,TS 29.281 s7.1 / TS 23.502 s4.23.7.3 (post-HO)
945,6.450850000,127.0.2.7,V-UPF,127.0.1.7,H-UPF,2152,GTP-U (UDP),T-PDU,GTP-U user data (T-PDU) [UL-N9: V-UPF -> H-UPF] TEID=0x00005ac8,Post-Handover - Data Path Verification,Post-HO Data Path Verification,TS 29.281 s7.1 / TS 23.502 s4.23.7.3 (post-HO)
946,6.450958000,127.0.1.7,H-UPF,127.0.2.7,V-UPF,2152,GTP-U (UDP),T-PDU,GTP-U user data (T-PDU) [DL-N9: H-UPF -> V-UPF] TEID=0x0000aec7,Post-Handover - Data Path Verification,Post-HO Data Path Verification,TS 29.281 s7.1 / TS 23.502 s4.23.7.3 (post-HO)
947,6.450992000,127.0.2.7,V-UPF,127.0.0.3,T-NG-RAN,2152,GTP-U (UDP),T-PDU,GTP-U user data (T-PDU) [DL: V-UPF -> T-NG-RAN] TEID=0x0000000b,Post-Handover - Data Path Verification,Post-HO Data Path Verification,TS 29.281 s7.1 / TS 23.502 s4.23.7.3 (post-HO)
948,6.471147000,127.0.0.3,T-NG-RAN,127.0.2.7,V-UPF,2152,GTP-U (UDP),T-PDU,GTP-U user data (T-PDU) [UL: T-NG-RAN -> V-UPF] TEID=0x00001502,Post-Handover - Data Path Verification,Post-HO Data Path Verification,TS 29.281 s7.1 / TS 23.502 s4.23.7.3 (post-HO)
949,6.471192000,127.0.2.7,V-UPF,127.0.1.7,H-UPF,2152,GTP-U (UDP),T-PDU,GTP-U user data (T-PDU) [UL-N9: V-UPF -> H-UPF] TEID=0x00005ac8,Post-Handover - Data Path Verification,Post-HO Data Path Verification,TS 29.281 s7.1 / TS 23.502 s4.23.7.3 (post-HO)
950,6.471250000,127.0.1.7,H-UPF,127.0.2.7,V-UPF,2152,GTP-U (UDP),T-PDU,GTP-U user data (T-PDU) [DL-N9: H-UPF -> V-UPF] TEID=0x0000aec7,Post-Handover - Data Path Verification,Post-HO Data Path Verification,TS 29.281 s7.1 / TS 23.502 s4.23.7.3 (post-HO)
951,6.471267000,127.0.2.7,V-UPF,127.0.0.3,T-NG-RAN,2152,GTP-U (UDP),T-PDU,GTP-U user data (T-PDU) [DL: V-UPF -> T-NG-RAN] TEID=0x0000000b,Post-Handover - Data Path Verification,Post-HO Data Path Verification,TS 29.281 s7.1 / TS 23.502 s4.23.7.3 (post-HO)
954,6.491377000,127.0.0.3,T-NG-RAN,127.0.2.7,V-UPF,2152,GTP-U (UDP),T-PDU,GTP-U user data (T-PDU) [UL: T-NG-RAN -> V-UPF] TEID=0x00001502,Post-Handover - Data Path Verification,Post-HO Data Path Verification,TS 29.281 s7.1 / TS 23.502 s4.23.7.3 (post-HO)
955,6.491409000,127.0.2.7,V-UPF,127.0.1.7,H-UPF,2152,GTP-U (UDP),T-PDU,GTP-U user data (T-PDU) [UL-N9: V-UPF -> H-UPF] TEID=0x00005ac8,Post-Handover - Data Path Verification,Post-HO Data Path Verification,TS 29.281 s7.1 / TS 23.502 s4.23.7.3 (post-HO)
956,6.491448000,127.0.1.7,H-UPF,127.0.2.7,V-UPF,2152,GTP-U (UDP),T-PDU,GTP-U user data (T-PDU) [DL-N9: H-UPF -> V-UPF] TEID=0x0000aec7,Post-Handover - Data Path Verification,Post-HO Data Path Verification,TS 29.281 s7.1 / TS 23.502 s4.23.7.3 (post-HO)
957,6.491465000,127.0.2.7,V-UPF,127.0.0.3,T-NG-RAN,2152,GTP-U (UDP),T-PDU,GTP-U user data (T-PDU) [DL: V-UPF -> T-NG-RAN] TEID=0x0000000b,Post-Handover - Data Path Verification,Post-HO Data Path Verification,TS 29.281 s7.1 / TS 23.502 s4.23.7.3 (post-HO)
960,6.511608000,127.0.0.3,T-NG-RAN,127.0.2.7,V-UPF,2152,GTP-U (UDP),T-PDU,GTP-U user data (T-PDU) [UL: T-NG-RAN -> V-UPF] TEID=0x00001502,Post-Handover - Data Path Verification,Post-HO Data Path Verification,TS 29.281 s7.1 / TS 23.502 s4.23.7.3 (post-HO)
961,6.511674000,127.0.2.7,V-UPF,127.0.1.7,H-UPF,2152,GTP-U (UDP),T-PDU,GTP-U user data (T-PDU) [UL-N9: V-UPF -> H-UPF] TEID=0x00005ac8,Post-Handover - Data Path Verification,Post-HO Data Path Verification,TS 29.281 s7.1 / TS 23.502 s4.23.7.3 (post-HO)
962,6.511766000,127.0.1.7,H-UPF,127.0.2.7,V-UPF,2152,GTP-U (UDP),T-PDU,GTP-U user data (T-PDU) [DL-N9: H-UPF -> V-UPF] TEID=0x0000aec7,Post-Handover - Data Path Verification,Post-HO Data Path Verification,TS 29.281 s7.1 / TS 23.502 s4.23.7.3 (post-HO)
963,6.511798000,127.0.2.7,V-UPF,127.0.0.3,T-NG-RAN,2152,GTP-U (UDP),T-PDU,GTP-U user data (T-PDU) [DL: V-UPF -> T-NG-RAN] TEID=0x0000000b,Post-Handover - Data Path Verification,Post-HO Data Path Verification,TS 29.281 s7.1 / TS 23.502 s4.23.7.3 (post-HO)
964,6.531977000,127.0.0.3,T-NG-RAN,127.0.2.7,V-UPF,2152,GTP-U (UDP),T-PDU,GTP-U user data (T-PDU) [UL: T-NG-RAN -> V-UPF] TEID=0x00001502,Post-Handover - Data Path Verification,Post-HO Data Path Verification,TS 29.281 s7.1 / TS 23.502 s4.23.7.3 (post-HO)
965,6.532087000,127.0.2.7,V-UPF,127.0.1.7,H-UPF,2152,GTP-U (UDP),T-PDU,GTP-U user data (T-PDU) [UL-N9: V-UPF -> H-UPF] TEID=0x00005ac8,Post-Handover - Data Path Verification,Post-HO Data Path Verification,TS 29.281 s7.1 / TS 23.502 s4.23.7.3 (post-HO)
966,6.532204000,127.0.1.7,H-UPF,127.0.2.7,V-UPF,2152,GTP-U (UDP),T-PDU,GTP-U user data (T-PDU) [DL-N9: H-UPF -> V-UPF] TEID=0x0000aec7,Post-Handover - Data Path Verification,Post-HO Data Path Verification,TS 29.281 s7.1 / TS 23.502 s4.23.7.3 (post-HO)
967,6.532252000,127.0.2.7,V-UPF,127.0.0.3,T-NG-RAN,2152,GTP-U (UDP),T-PDU,GTP-U user data (T-PDU) [DL: V-UPF -> T-NG-RAN] TEID=0x0000000b,Post-Handover - Data Path Verification,Post-HO Data Path Verification,TS 29.281 s7.1 / TS 23.502 s4.23.7.3 (post-HO)
971,6.552511000,127.0.0.3,T-NG-RAN,127.0.2.7,V-UPF,2152,GTP-U (UDP),T-PDU,GTP-U user data (T-PDU) [UL: T-NG-RAN -> V-UPF] TEID=0x00001502,Post-Handover - Data Path Verification,Post-HO Data Path Verification,TS 29.281 s7.1 / TS 23.502 s4.23.7.3 (post-HO)
972,6.552635000,127.0.2.7,V-UPF,127.0.1.7,H-UPF,2152,GTP-U (UDP),T-PDU,GTP-U user data (T-PDU) [UL-N9: V-UPF -> H-UPF] TEID=0x00005ac8,Post-Handover - Data Path Verification,Post-HO Data Path Verification,TS 29.281 s7.1 / TS 23.502 s4.23.7.3 (post-HO)
973,6.552752000,127.0.1.7,H-UPF,127.0.2.7,V-UPF,2152,GTP-U (UDP),T-PDU,GTP-U user data (T-PDU) [DL-N9: H-UPF -> V-UPF] TEID=0x0000aec7,Post-Handover - Data Path Verification,Post-HO Data Path Verification,TS 29.281 s7.1 / TS 23.502 s4.23.7.3 (post-HO)
974,6.552795000,127.0.2.7,V-UPF,127.0.0.3,T-NG-RAN,2152,GTP-U (UDP),T-PDU,GTP-U user data (T-PDU) [DL: V-UPF -> T-NG-RAN] TEID=0x0000000b,Post-Handover - Data Path Verification,Post-HO Data Path Verification,TS 29.281 s7.1 / TS 23.502 s4.23.7.3 (post-HO)
979,6.572986000,127.0.0.3,T-NG-RAN,127.0.2.7,V-UPF,2152,GTP-U (UDP),T-PDU,GTP-U user data (T-PDU) [UL: T-NG-RAN -> V-UPF] TEID=0x00001502,Post-Handover - Data Path Verification,Post-HO Data Path Verification,TS 29.281 s7.1 / TS 23.502 s4.23.7.3 (post-HO)
980,6.573084000,127.0.2.7,V-UPF,127.0.1.7,H-UPF,2152,GTP-U (UDP),T-PDU,GTP-U user data (T-PDU) [UL-N9: V-UPF -> H-UPF] TEID=0x00005ac8,Post-Handover - Data Path Verification,Post-HO Data Path Verification,TS 29.281 s7.1 / TS 23.502 s4.23.7.3 (post-HO)
981,6.573200000,127.0.1.7,H-UPF,127.0.2.7,V-UPF,2152,GTP-U (UDP),T-PDU,GTP-U user data (T-PDU) [DL-N9: H-UPF -> V-UPF] TEID=0x0000aec7,Post-Handover - Data Path Verification,Post-HO Data Path Verification,TS 29.281 s7.1 / TS 23.502 s4.23.7.3 (post-HO)
982,6.573243000,127.0.2.7,V-UPF,127.0.0.3,T-NG-RAN,2152,GTP-U (UDP),T-PDU,GTP-U user data (T-PDU) [DL: V-UPF -> T-NG-RAN] TEID=0x0000000b,Post-Handover - Data Path Verification,Post-HO Data Path Verification,TS 29.281 s7.1 / TS 23.502 s4.23.7.3 (post-HO)
985,6.593505000,127.0.0.3,T-NG-RAN,127.0.2.7,V-UPF,2152,GTP-U (UDP),T-PDU,GTP-U user data (T-PDU) [UL: T-NG-RAN -> V-UPF] TEID=0x00001502,Post-Handover - Data Path Verification,Post-HO Data Path Verification,TS 29.281 s7.1 / TS 23.502 s4.23.7.3 (post-HO)
986,6.593613000,127.0.2.7,V-UPF,127.0.1.7,H-UPF,2152,GTP-U (UDP),T-PDU,GTP-U user data (T-PDU) [UL-N9: V-UPF -> H-UPF] TEID=0x00005ac8,Post-Handover - Data Path Verification,Post-HO Data Path Verification,TS 29.281 s7.1 / TS 23.502 s4.23.7.3 (post-HO)
987,6.593717000,127.0.1.7,H-UPF,127.0.2.7,V-UPF,2152,GTP-U (UDP),T-PDU,GTP-U user data (T-PDU) [DL-N9: H-UPF -> V-UPF] TEID=0x0000aec7,Post-Handover - Data Path Verification,Post-HO Data Path Verification,TS 29.281 s7.1 / TS 23.502 s4.23.7.3 (post-HO)
988,6.593763000,127.0.2.7,V-UPF,127.0.0.3,T-NG-RAN,2152,GTP-U (UDP),T-PDU,GTP-U user data (T-PDU) [DL: V-UPF -> T-NG-RAN] TEID=0x0000000b,Post-Handover - Data Path Verification,Post-HO Data Path Verification,TS 29.281 s7.1 / TS 23.502 s4.23.7.3 (post-HO)
991,6.613926000,127.0.0.3,T-NG-RAN,127.0.2.7,V-UPF,2152,GTP-U (UDP),T-PDU,GTP-U user data (T-PDU) [UL: T-NG-RAN -> V-UPF] TEID=0x00001502,Post-Handover - Data Path Verification,Post-HO Data Path Verification,TS 29.281 s7.1 / TS 23.502 s4.23.7.3 (post-HO)
992,6.614019000,127.0.2.7,V-UPF,127.0.1.7,H-UPF,2152,GTP-U (UDP),T-PDU,GTP-U user data (T-PDU) [UL-N9: V-UPF -> H-UPF] TEID=0x00005ac8,Post-Handover - Data Path Verification,Post-HO Data Path Verification,TS 29.281 s7.1 / TS 23.502 s4.23.7.3 (post-HO)
993,6.614120000,127.0.1.7,H-UPF,127.0.2.7,V-UPF,2152,GTP-U (UDP),T-PDU,GTP-U user data (T-PDU) [DL-N9: H-UPF -> V-UPF] TEID=0x0000aec7,Post-Handover - Data Path Verification,Post-HO Data Path Verification,TS 29.281 s7.1 / TS 23.502 s4.23.7.3 (post-HO)
994,6.614154000,127.0.2.7,V-UPF,127.0.0.3,T-NG-RAN,2152,GTP-U (UDP),T-PDU,GTP-U user data (T-PDU) [DL: V-UPF -> T-NG-RAN] TEID=0x0000000b,Post-Handover - Data Path Verification,Post-HO Data Path Verification,TS 29.281 s7.1 / TS 23.502 s4.23.7.3 (post-HO)
995,6.634382000,127.0.0.3,T-NG-RAN,127.0.2.7,V-UPF,2152,GTP-U (UDP),T-PDU,GTP-U user data (T-PDU) [UL: T-NG-RAN -> V-UPF] TEID=0x00001502,Post-Handover - Data Path Verification,Post-HO Data Path Verification,TS 29.281 s7.1 / TS 23.502 s4.23.7.3 (post-HO)
996,6.634484000,127.0.2.7,V-UPF,127.0.1.7,H-UPF,2152,GTP-U (UDP),T-PDU,GTP-U user data (T-PDU) [UL-N9: V-UPF -> H-UPF] TEID=0x00005ac8,Post-Handover - Data Path Verification,Post-HO Data Path Verification,TS 29.281 s7.1 / TS 23.502 s4.23.7.3 (post-HO)
997,6.634613000,127.0.1.7,H-UPF,127.0.2.7,V-UPF,2152,GTP-U (UDP),T-PDU,GTP-U user data (T-PDU) [DL-N9: H-UPF -> V-UPF] TEID=0x0000aec7,Post-Handover - Data Path Verification,Post-HO Data Path Verification,TS 29.281 s7.1 / TS 23.502 s4.23.7.3 (post-HO)
998,6.634650000,127.0.2.7,V-UPF,127.0.0.3,T-NG-RAN,2152,GTP-U (UDP),T-PDU,GTP-U user data (T-PDU) [DL: V-UPF -> T-NG-RAN] TEID=0x0000000b,Post-Handover - Data Path Verification,Post-HO Data Path Verification,TS 29.281 s7.1 / TS 23.502 s4.23.7.3 (post-HO)
1001,6.654996000,127.0.0.3,T-NG-RAN,127.0.2.5,V-AMF,38412,NGAP (SCTP),UEContextReleaseRequest,T-NG-RAN requests V-AMF to release UE context,Post-Handover - Cleanup,N2 Cleanup (T-NG-RAN -> V-AMF),TS 38.413 s9.3.6.2
1002,6.655488000,127.0.0.1,V-AMF,127.0.2.200,SCP2,7777,SBI (HTTP/2),Nsmf_PDUSession_UpdateSMContext (V-SMF),V-AMF sends handover-complete UpdateSMContext to V-SMF,Execution - Completion (HR),HR Exec Step 2 (V-AMF -> V-SMF via SCP2),TS 29.502 s5.2.5 / TS 23.502 s4.23.7.3.3 Step 2
1003,6.655904000,127.0.0.1,SCP2,127.0.2.4,V-SMF,80,SBI (HTTP/2),Nsmf_PDUSession_UpdateSMContext (V-SMF),V-AMF sends handover-complete UpdateSMContext to V-SMF,Execution - Completion (HR),HR Exec Step 2 (V-AMF -> V-SMF via SCP2),TS 29.502 s5.2.5 / TS 23.502 s4.23.7.3.3 Step 2
1004,6.656168000,127.0.0.1,V-SMF,127.0.2.200,SCP2,7777,SBI (HTTP/2),Nsmf_PDUSession_Update (V-SMF -> H-SMF),V-SMF updates H-SMF with new data path info (DL switch / cleanup),Execution - Completion (HR),HR Exec Step 6 (V-SMF -> H-SMF via SEPP chain),TS 29.502 s5.2.3 / TS 23.502 s4.23.7.3.3 Step 6
1005,6.656333000,127.0.0.1,SCP2,127.0.2.250,SEPP2,7777,SBI (HTTP/2),Nsmf_PDUSession_Update (V-SMF -> H-SMF),V-SMF updates H-SMF with new data path info (DL switch / cleanup),Execution - Completion (HR),HR Exec Step 6 (V-SMF -> H-SMF via SEPP chain),TS 29.502 s5.2.3 / TS 23.502 s4.23.7.3.3 Step 6
1006,6.656595000,127.0.0.1,SEPP2,127.0.1.252,SEPP1,7777,SBI (HTTP/2),Nsmf_PDUSession_Update (V-SMF -> H-SMF),V-SMF updates H-SMF with new data path info (DL switch / cleanup),Execution - Completion (HR),HR Exec Step 6 (V-SMF -> H-SMF via SEPP chain),TS 29.502 s5.2.3 / TS 23.502 s4.23.7.3.3 Step 6
1007,6.656845000,127.0.0.1,SEPP1,127.0.1.200,SCP1,7777,SBI (HTTP/2),Nsmf_PDUSession_Update (V-SMF -> H-SMF),V-SMF updates H-SMF with new data path info (DL switch / cleanup),Execution - Completion (HR),HR Exec Step 6 (V-SMF -> H-SMF via SEPP chain),TS 29.502 s5.2.3 / TS 23.502 s4.23.7.3.3 Step 6
1008,6.657180000,127.0.0.1,SCP1,127.0.1.4,H-SMF,80,SBI (HTTP/2),Nsmf_PDUSession_Update (V-SMF -> H-SMF),V-SMF updates H-SMF with new data path info (DL switch / cleanup),Execution - Completion (HR),HR Exec Step 6 (V-SMF -> H-SMF via SEPP chain),TS 29.502 s5.2.3 / TS 23.502 s4.23.7.3.3 Step 6
1009,6.657415000,127.0.1.4,H-SMF,127.0.1.7,H-UPF,8805,PFCP (UDP),PFCP Session Modification Request,H-SMF modifies PSA-UPF N4 session after V-SMF update,Execution - Completion (HR),HR Exec Step 7a (H-SMF -> H-UPF N4 modification),TS 29.244 s7.5 / TS 23.502 s4.23.7.3.3 Step 7a/7b
1010,6.657558000,127.0.1.7,H-UPF,127.0.1.4,H-SMF,8805,PFCP (UDP),PFCP Session Modification Response,PSA-UPF confirms post-handover N4 modification,Execution - Completion (HR),HR Exec Step 7b (H-UPF -> H-SMF N4 modification response),TS 29.244 s7.5 / TS 23.502 s4.23.7.3.3 Step 7a/7b
1011,6.657663000,127.0.1.4,H-SMF,127.0.0.1,SCP1,39590,SBI (HTTP/2),Nsmf_PDUSession_Update (V-SMF -> H-SMF) Response,Response to Nsmf_PDUSession_Update (V-SMF -> H-SMF) [HTTP 204],Execution - Completion (HR),HR Exec Step 6 (V-SMF -> H-SMF via SEPP chain),TS 29.502 s5.2.3 / TS 23.502 s4.23.7.3.3 Step 6
1013,6.657809000,127.0.1.200,SCP1,127.0.0.1,SEPP1,43590,SBI (HTTP/2),Nsmf_PDUSession_Update (V-SMF -> H-SMF) Response,Response to Nsmf_PDUSession_Update (V-SMF -> H-SMF) [HTTP 204],Execution - Completion (HR),HR Exec Step 6 (V-SMF -> H-SMF via SEPP chain),TS 29.502 s5.2.3 / TS 23.502 s4.23.7.3.3 Step 6
1015,6.657941000,127.0.1.252,SEPP1,127.0.0.1,SEPP2,45454,SBI (HTTP/2),Nsmf_PDUSession_Update (V-SMF -> H-SMF) Response,Response to Nsmf_PDUSession_Update (V-SMF -> H-SMF) [HTTP 204],Execution - Completion (HR),HR Exec Step 6 (V-SMF -> H-SMF via SEPP chain),TS 29.502 s5.2.3 / TS 23.502 s4.23.7.3.3 Step 6
1017,6.658084000,127.0.2.250,SEPP2,127.0.0.1,SCP2,58280,SBI (HTTP/2),Nsmf_PDUSession_Update (V-SMF -> H-SMF) Response,Response to Nsmf_PDUSession_Update (V-SMF -> H-SMF) [HTTP 204],Execution - Completion (HR),HR Exec Step 6 (V-SMF -> H-SMF via SEPP chain),TS 29.502 s5.2.3 / TS 23.502 s4.23.7.3.3 Step 6
1018,6.658216000,127.0.2.200,SCP2,127.0.0.1,V-SMF,53126,SBI (HTTP/2),Nsmf_PDUSession_Update (V-SMF -> H-SMF) Response,Response to Nsmf_PDUSession_Update (V-SMF -> H-SMF) [HTTP 204],Execution - Completion (HR),HR Exec Step 6 (V-SMF -> H-SMF via SEPP chain),TS 29.502 s5.2.3 / TS 23.502 s4.23.7.3.3 Step 6
1020,6.658380000,127.0.2.4,V-SMF,127.0.0.1,SCP2,52226,SBI (HTTP/2),Nsmf_PDUSession_UpdateSMContext (V-SMF) Response,Response to V-AMF handover-complete UpdateSMContext [HTTP 200],Execution - Completion (HR),HR Exec Step 9 (UpdateSMContext response from V-SMF),TS 29.502 s5.2.5 / TS 23.502 s4.23.7.3.3 Step 9
1023,6.658506000,127.0.2.200,SCP2,127.0.0.1,V-AMF,53114,SBI (HTTP/2),Nsmf_PDUSession_UpdateSMContext (V-SMF) Response,Response to V-AMF handover-complete UpdateSMContext [HTTP 200],Execution - Completion (HR),HR Exec Step 9 (UpdateSMContext response from V-SMF),TS 29.502 s5.2.5 / TS 23.502 s4.23.7.3.3 Step 9
1027,6.658839000,127.0.2.5,V-AMF,127.0.0.3,T-NG-RAN,43743,NGAP (SCTP),UEContextReleaseCommand,AMF releases UE context at gNB,Post-Handover - Cleanup,N2 Exec Step 14 UECtxRelease,TS 38.413 s9.3.6.4 / TS 23.502 s4.9.1.3.3 Step 14a
1028,6.658963000,127.0.0.3,T-NG-RAN,127.0.2.5,V-AMF,38412,NGAP (SCTP),UEContextReleaseComplete,gNB confirms UE context released,Post-Handover - Cleanup,N2 Exec Step 14 UECtxRelease,TS 38.413 s9.3.6.4 / TS 23.502 s4.9.1.3.3 Step 14b
1080,7.054102000,127.0.1.7,H-UPF,127.0.1.4,H-SMF,8805,PFCP (UDP),PFCP Heartbeat Request,N4 keepalive from SMF to UPF,Pre-Handover - Setup,N4 Heartbeat,TS 29.244 s6.2.5
1081,7.054375000,127.0.1.4,H-SMF,127.0.1.7,H-UPF,8805,PFCP (UDP),PFCP Heartbeat Response,N4 keepalive response from UPF to SMF,Pre-Handover - Setup,N4 Heartbeat,TS 29.244 s6.2.5
1082,7.054447000,127.0.1.4,H-SMF,127.0.1.7,H-UPF,8805,PFCP (UDP),PFCP Heartbeat Request,N4 keepalive from SMF to UPF,Pre-Handover - Setup,N4 Heartbeat,TS 29.244 s6.2.5
1083,7.054559000,127.0.1.7,H-UPF,127.0.1.4,H-SMF,8805,PFCP (UDP),PFCP Heartbeat Response,N4 keepalive response from UPF to SMF,Pre-Handover - Setup,N4 Heartbeat,TS 29.244 s6.2.5
1140,7.867173000,127.0.0.1,SCP2,127.0.2.10,NRF2,80,SBI (HTTP/2),Nnrf_NFManagement Update,NF heartbeat / NF profile registration,Pre-Handover - Setup,NF Registration (heartbeat),TS 29.510 s5.2.3
1141,7.867398000,127.0.2.10,NRF2,127.0.0.1,SCP2,45818,SBI (HTTP/2),Nnrf_NFManagement Update Response,Response to Nnrf_NFManagement Update [HTTP 204],Pre-Handover - Setup,NF Registration (heartbeat),TS 29.510 s5.2.3
1148,7.918621000,127.0.0.1,V-AMF,127.0.2.200,SCP2,7777,SBI (HTTP/2),Nnrf_NFManagement Update,NF heartbeat / NF profile registration,Pre-Handover - Setup,NF Registration (heartbeat),TS 29.510 s5.2.3
1149,7.918902000,127.0.0.1,SCP2,127.0.2.10,NRF2,80,SBI (HTTP/2),Nnrf_NFManagement Update,NF heartbeat / NF profile registration,Pre-Handover - Setup,NF Registration (heartbeat),TS 29.510 s5.2.3
1150,7.919058000,127.0.2.10,NRF2,127.0.0.1,SCP2,45818,SBI (HTTP/2),Nnrf_NFManagement Update Response,Response to Nnrf_NFManagement Update [HTTP 204],Pre-Handover - Setup,NF Registration (heartbeat),TS 29.510 s5.2.3
1152,7.919243000,127.0.2.200,SCP2,127.0.0.1,V-AMF,53098,SBI (HTTP/2),Nnrf_NFManagement Update Response,Response to Nnrf_NFManagement Update [HTTP 204],Pre-Handover - Setup,NF Registration (heartbeat),TS 29.510 s5.2.3
1163,8.073786000,127.0.0.1,V-AMF,127.0.2.200,SCP2,7777,SBI (HTTP/2),Nnrf_NFManagement Update,NF heartbeat / NF profile registration,Pre-Handover - Setup,NF Registration (heartbeat),TS 29.510 s5.2.3
1165,8.074086000,127.0.0.1,SCP2,127.0.2.10,NRF2,80,SBI (HTTP/2),Nnrf_NFManagement Update,NF heartbeat / NF profile registration,Pre-Handover - Setup,NF Registration (heartbeat),TS 29.510 s5.2.3
1166,8.074321000,127.0.2.10,NRF2,127.0.0.1,SCP2,45818,SBI (HTTP/2),Nnrf_NFManagement Update Response,Response to Nnrf_NFManagement Update [HTTP 204],Pre-Handover - Setup,NF Registration (heartbeat),TS 29.510 s5.2.3
1168,8.075525000,127.0.2.200,SCP2,127.0.0.1,V-AMF,53114,SBI (HTTP/2),Nnrf_NFManagement Update Response,Response to Nnrf_NFManagement Update [HTTP 204],Pre-Handover - Setup,NF Registration (heartbeat),TS 29.510 s5.2.3
1171,8.077127000,127.0.0.1,V-AMF,127.0.2.200,SCP2,7777,SBI (HTTP/2),Nnrf_NFManagement Update,NF heartbeat / NF profile registration,Pre-Handover - Setup,NF Registration (heartbeat),TS 29.510 s5.2.3
1172,8.077281000,127.0.0.1,SCP2,127.0.2.10,NRF2,80,SBI (HTTP/2),Nnrf_NFManagement Update,NF heartbeat / NF profile registration,Pre-Handover - Setup,NF Registration (heartbeat),TS 29.510 s5.2.3
1173,8.077424000,127.0.2.10,NRF2,127.0.0.1,SCP2,45818,SBI (HTTP/2),Nnrf_NFManagement Update Response,Response to Nnrf_NFManagement Update [HTTP 204],Pre-Handover - Setup,NF Registration (heartbeat),TS 29.510 s5.2.3
1174,8.077531000,127.0.2.200,SCP2,127.0.0.1,V-AMF,53126,SBI (HTTP/2),Nnrf_NFManagement Update Response,Response to Nnrf_NFManagement Update [HTTP 204],Pre-Handover - Setup,NF Registration (heartbeat),TS 29.510 s5.2.3
1179,8.127595000,127.0.0.1,V-AMF,127.0.2.200,SCP2,7777,SBI (HTTP/2),Nnrf_NFManagement Update,NF heartbeat / NF profile registration,Pre-Handover - Setup,NF Registration (heartbeat),TS 29.510 s5.2.3
1180,8.127951000,127.0.0.1,SCP2,127.0.2.10,NRF2,80,SBI (HTTP/2),Nnrf_NFManagement Update,NF heartbeat / NF profile registration,Pre-Handover - Setup,NF Registration (heartbeat),TS 29.510 s5.2.3
1181,8.128178000,127.0.2.10,NRF2,127.0.0.1,SCP2,45818,SBI (HTTP/2),Nnrf_NFManagement Update Response,Response to Nnrf_NFManagement Update [HTTP 204],Pre-Handover - Setup,NF Registration (heartbeat),TS 29.510 s5.2.3
1183,8.128362000,127.0.2.200,SCP2,127.0.0.1,V-AMF,53134,SBI (HTTP/2),Nnrf_NFManagement Update Response,Response to Nnrf_NFManagement Update [HTTP 204],Pre-Handover - Setup,NF Registration (heartbeat),TS 29.510 s5.2.3
1188,8.182057000,127.0.0.1,V-AMF,127.0.2.200,SCP2,7777,SBI (HTTP/2),Nnrf_NFManagement Update,NF heartbeat / NF profile registration,Pre-Handover - Setup,NF Registration (heartbeat),TS 29.510 s5.2.3
1189,8.182427000,127.0.0.1,SCP2,127.0.2.10,NRF2,80,SBI (HTTP/2),Nnrf_NFManagement Update,NF heartbeat / NF profile registration,Pre-Handover - Setup,NF Registration (heartbeat),TS 29.510 s5.2.3
1190,8.182735000,127.0.2.10,NRF2,127.0.0.1,SCP2,45818,SBI (HTTP/2),Nnrf_NFManagement Update Response,Response to Nnrf_NFManagement Update [HTTP 204],Pre-Handover - Setup,NF Registration (heartbeat),TS 29.510 s5.2.3
1192,8.182931000,127.0.2.200,SCP2,127.0.0.1,V-AMF,53146,SBI (HTTP/2),Nnrf_NFManagement Update Response,Response to Nnrf_NFManagement Update [HTTP 204],Pre-Handover - Setup,NF Registration (heartbeat),TS 29.510 s5.2.3
1197,8.236627000,127.0.0.1,V-AMF,127.0.2.200,SCP2,7777,SBI (HTTP/2),Nnrf_NFManagement Update,NF heartbeat / NF profile registration,Pre-Handover - Setup,NF Registration (heartbeat),TS 29.510 s5.2.3
1198,8.236991000,127.0.0.1,SCP2,127.0.2.10,NRF2,80,SBI (HTTP/2),Nnrf_NFManagement Update,NF heartbeat / NF profile registration,Pre-Handover - Setup,NF Registration (heartbeat),TS 29.510 s5.2.3
1199,8.237223000,127.0.2.10,NRF2,127.0.0.1,SCP2,45818,SBI (HTTP/2),Nnrf_NFManagement Update Response,Response to Nnrf_NFManagement Update [HTTP 204],Pre-Handover - Setup,NF Registration (heartbeat),TS 29.510 s5.2.3
1201,8.237417000,127.0.2.200,SCP2,127.0.0.1,V-AMF,53148,SBI (HTTP/2),Nnrf_NFManagement Update Response,Response to Nnrf_NFManagement Update [HTTP 204],Pre-Handover - Setup,NF Registration (heartbeat),TS 29.510 s5.2.3
1203,8.280891000,127.0.0.1,V-AMF,127.0.2.200,SCP2,7777,SBI (HTTP/2),Nnrf_NFManagement Update,NF heartbeat / NF profile registration,Pre-Handover - Setup,NF Registration (heartbeat),TS 29.510 s5.2.3
1204,8.281162000,127.0.0.1,SCP2,127.0.2.10,NRF2,80,SBI (HTTP/2),Nnrf_NFManagement Update,NF heartbeat / NF profile registration,Pre-Handover - Setup,NF Registration (heartbeat),TS 29.510 s5.2.3
1205,8.281394000,127.0.2.10,NRF2,127.0.0.1,SCP2,45818,SBI (HTTP/2),Nnrf_NFManagement Update Response,Response to Nnrf_NFManagement Update [HTTP 204],Pre-Handover - Setup,NF Registration (heartbeat),TS 29.510 s5.2.3
1207,8.281618000,127.0.2.200,SCP2,127.0.0.1,V-AMF,53154,SBI (HTTP/2),Nnrf_NFManagement Update Response,Response to Nnrf_NFManagement Update [HTTP 204],Pre-Handover - Setup,NF Registration (heartbeat),TS 29.510 s5.2.3
1209,8.332195000,127.0.0.1,V-AMF,127.0.2.200,SCP2,7777,SBI (HTTP/2),Nnrf_NFManagement Update,NF heartbeat / NF profile registration,Pre-Handover - Setup,NF Registration (heartbeat),TS 29.510 s5.2.3
1210,8.332466000,127.0.0.1,SCP2,127.0.2.10,NRF2,80,SBI (HTTP/2),Nnrf_NFManagement Update,NF heartbeat / NF profile registration,Pre-Handover - Setup,NF Registration (heartbeat),TS 29.510 s5.2.3
1211,8.332706000,127.0.2.10,NRF2,127.0.0.1,SCP2,45818,SBI (HTTP/2),Nnrf_NFManagement Update Response,Response to Nnrf_NFManagement Update [HTTP 204],Pre-Handover - Setup,NF Registration (heartbeat),TS 29.510 s5.2.3
1213,8.332856000,127.0.2.200,SCP2,127.0.0.1,V-AMF,53160,SBI (HTTP/2),Nnrf_NFManagement Update Response,Response to Nnrf_NFManagement Update [HTTP 204],Pre-Handover - Setup,NF Registration (heartbeat),TS 29.510 s5.2.3
1215,8.381919000,127.0.0.1,V-AMF,127.0.2.200,SCP2,7777,SBI (HTTP/2),Nnrf_NFManagement Update,NF heartbeat / NF profile registration,Pre-Handover - Setup,NF Registration (heartbeat),TS 29.510 s5.2.3
1216,8.382198000,127.0.0.1,SCP2,127.0.2.10,NRF2,80,SBI (HTTP/2),Nnrf_NFManagement Update,NF heartbeat / NF profile registration,Pre-Handover - Setup,NF Registration (heartbeat),TS 29.510 s5.2.3
1217,8.382387000,127.0.2.10,NRF2,127.0.0.1,SCP2,45818,SBI (HTTP/2),Nnrf_NFManagement Update Response,Response to Nnrf_NFManagement Update [HTTP 204],Pre-Handover - Setup,NF Registration (heartbeat),TS 29.510 s5.2.3
1219,8.382544000,127.0.2.200,SCP2,127.0.0.1,V-AMF,53166,SBI (HTTP/2),Nnrf_NFManagement Update Response,Response to Nnrf_NFManagement Update [HTTP 204],Pre-Handover - Setup,NF Registration (heartbeat),TS 29.510 s5.2.3
